;-2138585887;Incliner légèrement son fauteuil en arrière pour facilier la déglutition. Alimentation normale. Couper fin, très petit, si trop secd rajouter du lait et lui donner à manger.;;;;;II boit à la paille;café;;;;0;0;0;0;0;;IMC profond;Handicap mental, troubles moteurs;Elevé;protéger Alain du soleil (chapeau, crème). Il a une peau très sensible, faire attention aux coups de soleil dans la nuque!;Aide complète. Attention a bien mettre son plateau pour évtier les blessures aux genoux. Chaise percée pour douche tous les jours.;lain a une autonomie moyenne. Par commodité, il est langé à l'extérieur de la maison. Au changement de lange (matin, midi, soir, avant le coucher), lui demander s'il veut aller aux toillettes;massage des pieds et des fesses;;;;
;-1974002318;"Alycia est alimentée par sonde. 150 ml de frébini 300m/h avec la pompe. (peg) matin, midi et soir avec la pompe et le sachet alimentaire. Donner de l'eau 3x/jours 150ml
Prend environs 30 min pour le repas trois fois limentation avec les sachet pour la boisson. On peut l'alimenter durant les transports ou en déplacement sur la chaise.";;;;;;;;;;226884306;0;0;2146189019;0;00807.17.515.7;Polyhandicap;A mettre lunettes médicales la journée;;;Changer les protections matin, midi et soir. Aussi si ell a été à selle.;;;;;;
;-1949668449;;;;;;;;;;;107;0;0;0;0;;IMC;Diplégie spastique, retard mental, comportement autistique, handicap mental;;;;;;;;;
;-1887115141;"les aliments sont à couper, elle mange seule avec une fourchette dans une assiette creuse ; fait le mouvement de pelle côté droit et elle doit  mettre la main gauche à plat sur la table les doigts légèrement écartés.";;;;;"elle boit dans un gobelet spécial avec 2 anses. Lors de déplacement elle arrive à boire dans un verre normal.
Matin : Tartine au beurre, confiture et café et fruit habituellement. Les autres repas elle mange de tout et sait dire lorsqu’elle ne veut plus.
Elle apprécie boire de l’eau, du sirop ou autre minéralesIl faut l'asseoir sur une chaise avec des accoudoirs.";;;;;107;0;0;2146189028;2146189028;3705;IMC;Handicap mental, troubles moteurs, hémiplégie côté gauche;Elevé;;"oui Danièla participe à l’habillage (= pousser les bras, monter les chaussettes) pour le reste elle a besoin d’aide (= se tient debout si elle a une barrière pour se tenir) Elle a des attelles aux jambes. Masser les pieds pour les détendres et ensuite bien mettre le talon au fond de l’attelle. Pour vérifier si le talon est bein au fond regarder le trou sur le talon de l’attelle.
Douche : assise sur une chaise, elle se lève pour se faire laver les parties intimes.";"Elle demande si elle a besoin d’uriner. Se déplace dans la salle de bain et se lève avec la barrière. Appelle pour qu’on l’aide à se remettre dans son fauteuil.
Le matin, lui proposer d’aller aux WC avant de déjeuner. Protection pour la nuit!";;;;;
;-1756164214;;;;;;;;;;;0;0;0;0;0;;IMC;Handicap mental;;Non;;;;;;;
;-1735727011;;;;;;;;;;;107;0;0;0;0;;IMC;;;Rhume des foins;;;;;;;
;-1690129297;;;;;;;;;;;1217;0;0;0;0;;Ataxie, syndrome de Marinesco;troubles moteurs;;A protéger du Soleil (casquette, crème).;;;;;;;
;-1579856298;;;;;;;;;;;0;0;0;0;0;;;;;;;;;;;;
;-1475569285;Il mange seul et se débrouille bien.;;;;;;;;;;2146189227;2146189396;0;2146188987;2146188982;644702;Syndrôme de William's;handicap mental - Malformation cardiaque;Faible;N.B. Il a une bonne santé, rarement malade. Il a un souffle au cœur mais sans conséquences jusqu'à présent.;N'a pas besoin d'aide.;Il est sensible aux diarrhées. Il est autonome et va souvent aux toilettes.;;;;;
;-1435346384;;;;;;;;;;;0;0;0;0;0;;;;;;;;;;;;
;-1354980006;"médic du matin: dans la seringue et relié à la sonde -> rincer ensuite avec 1-2 seringue d'eau
Cloé a besoin d’une aide complète pour les repas. Elle est nourrie essentiellement par le biais de la sonde. Il ne faut pas la forcer.
Elle mange de tout et la nourriture est mixée, lisse. Ni trop liquide, ni trop sèche. Elle préfère plutôt salé. Le MATIN : en principe, elle ne mange pas. Il est important de rincer la sonde avec 1 à 2 seringues. MIDI : nourriture mixée lisse en petites quantités. SOIR : nourriture mixée lisse ou des yaourts en petites quantités. Petit sachet pour la nourriture durant la nuit";;débit EAU : 180 ml/h débit L'ALIMENTATION : 50 ml/h;;;"alimentation et sonde: s'il fait chaud, on peut donner jusqu'à 1litre d'eau par la sonde. Pour bouillon et eau mettre dans le grand sachet
- possibilité de donner à boire en promenade, prendre la pompe et mettre eau dans gd sachet.";;;;;107;0;0;2146188987;2146188987;429923;IMC -Polyhandicap, épilepsie (stabilisé);Ne doit pas dépasser les 1700m d'altitude. Car elle risque d'avoir des problèmes respiratoires;Elevé;Bien la protéger du soleil car elle a la peau très sensible;Elle aime être propre.;En cas de diarrhée, Bioflorin au Perenterol. Elle fait souvent les selles après la prise des médicaments;Changement de position, il faut lui mettre le harnais quand elle se trouve dans la chaise.;;;;
;-1336383801;;;;;;;;;;;0;0;0;0;0;;;;;;;;;;;;
;-1226171744;;;;;;;;;;;0;0;0;0;0;;;;;;;;;;;;
;-1213086902;;;;;;;;;;;0;0;0;0;0;;;;;;;;;;;;
;-1120356771;"Elle mange de tout, plutôt sucré. Pour lui donner à manger elle a une cuillère spéciale, s’assoir en face d’elle et déposer d’abord sur sa lèvre inférieure bien lui faire sentir l’aliment, lui tenir les mains l’une sur l’autre puis elle mange sans problème. Elle mange mixé, sans fil. 
Si vous avez des difficultés à lui donner à manger, il ne faut pas se faire de soucis. Dans les bagages, Il y aura des boissons (frésubin) qui ont les mêmes calories qu’un repas normal.";;;;;pour boire : Amandine a une sonde reliée directement à l'estomac. Installer le tuyau sur la valve. Ne pas se gener de prendre la valve bien en main pour mettre le tuyau, ça ne lui fait pas mal. Ensuite remplir la seringue dans un verre et placer la seringue dans l'embout du tuyau, puis presser dans le tuyau. Pour terminer, rincer le tout avec de l'eau sans aucun produit (elle boit en général 1 verre d'une quelconque boisson SANS GAZ + 1 verre d'eau) Ne jamais mettre le tuyau au lave vaisselle !!;le matin et le soir : café ou cacao, presser la seringue plus lentement. A midi : n'importe quelle boisson SANS GAZ. Au goûter : boisson enérgétique (fébrini);;;Ne pas lui donner de boisson gazeuses.;107;0;0;2146188984;2146188984;010930279;IMC;Handicap mental, troubles moteurs;Elevé;Aucune;Si elle a des rougeurs autour du « bouton », sécher au foehn et lui mettre un tampon de ouate démaquillante coupée en Y entre le tampon et la peau. Si elle se mord les doigts lui mettre un sparadrap en cas de saignements. Ne pas lui brosser les dents, elle ne le supporte pas. Pour sa toilette, utiliser de préférence le lit douche, mais elle est  peu habituée car elle prend de préférence des bains.;Elle est langée 24h/24. La changer en général après chaque repas.;Transferts : Amandine met les bras autour de l'accompagnant, mettre un bras sous sa jambre, l'autre sous son épaule puis la mettre sur le lit. Pour la remettre dans sa chaise, faire pareil. Incliner sa chaise pour la mettre au fond;;;;
;-1100872493;;;;;;;;;;;0;0;0;0;0;;;;;;;;;;;;
;-1029621688;Il faut lui couper la viande;;;;;;;;;;2146188983;0;0;2146188969;2146188969;267.50.370.119 / 000-02;IMC;Malentendant, il a un appareil.;Elevé;Aucune;René est autonome. Supervision pour la douche.;René est autonome.;;;;;
;-959706217;Aider à couper les aliments mais mange seul. Pour le temps de midi il reste dans sa chaise;;lui donner 1 service;les aliments qui activent son transit intestinal : choux, raisins, poires, pruneaux, fromage car cela lui cause de fortes diahrées.;;il boit seul;;;les boissons trop sucrées;;2146188983;0;0;2146189010;0;8766;IMC, retard mental et handicap physique;Retard mental, malvoyance;Moyen;pas à la connaissance;;Il a une sonde urinaire depuis 2008. Il a toujours sa bouteille avec lui. Il ne dit pas s'il est mouillé car ça le gêne, veiller à lui vider souvent souvent la poche. Le matin et le soir env. 15 min. sur les toilettes pour les selles.;;;;;
;-953224796;Il est autonome pour les repas.;;Il prend toujours des pruneaux secs au déjeuner;le Lait;;Verre d'eau chaude au réveil pour faciliter son transit. Un kiwi ou jus d'orange pour déjeuner serait idéal.;Il aime les bières. Un café après les repas. Un verre de jus d'orange au déjeuner.;;le fromage;;2146188983;0;0;2146188985;2146188985;190 51 144;IMC;Handicap mental;Faible;Protéger Julien du soleil (casquette, crème);Besoin d'aide pour l'habillement, surtout pour attaché ses chaussures. Surveiller sa toilette sauf si douche. Il a besoin d'aide pour se laver le dos..;Julien est autonome mais il faut vérifier qu'il aille à selle. (si possible chaque deux jours).;Prévention escarres, douche (avec de l'aide). Pour la douche, si le siège est adapté à hauter du fauteuil roulant. Julien se débrouille bien, il faut surveiller qu'il fasse bien le passage.;;;;
;-587438322;couper très, très fin, voir mixer certains aliments sinon fausse route.couper fin, lui donner à manger;;;;Biscuits secs et gros morceaux;René boit avec de l’aide. 2 gobelets par repas avec de l’épaississant.;;n'aime pas le lait;;;107;0;0;2146189018;2146189008;158 18 100;leucodystrophie à évolution lente;troubles moteurs;Elevé;Protéger René du soleil (chapeau, crème).;René est tout à fait dépendant du soignant. Il prend une douche chaque jour ou lui faire une toilette au lit. Il sait cracher dans le haricot après le brossage des dents. Lui masser les jambes avec du lait corporel. Bien lui sécher les mains, les pieds et sous les bras (risque de mycose). Il faut éviter les plis des habits lors de l’installation dans sa chaise et bien le positionner au fond de la chaise et toujours l’attacher (risque de chutes).;René est langé jour et nuit (le changer 3x par jour, 1x par nuit);A prévenir - douche;;;;
;-568750303;"Il a besoin d'une aide pour lui donner à manger à et boire. Un verre avec une pipette à donner par l'éducateur. IL aime les jus de fruits sans gaz ou sirop. IL préfère le cacao le matin. Il mange avec une cuillère ou fourchette normale. Il sait dire ce qu'il apprécie ou pas. Lui donner qu'un service.
Nourriture coupée fine, donnée par l'éducateur";;;;;verre à bec verseur : il mord un peu mais il arrive à boire sans problème avec de l'aide;jus de fruits sans gaz ou sirop. Préfère le cacao le matin;;;;107;0;0;2146188969;0;756.1168.7015.03;IMC mixte. Athétosique/spastique;Handicap mental;Elevé;;Aide totale : douche, sur chaise percée;Aide totale : n'est pas langé. Aux toilettes en principe après les repas - avec chaise percée. Urinoir dans son sac derrière la chaise pour les déplacements.;;;;;
;-486550603;couper. Aider à manger vers la fin du repas. Janique emploie une cuillère spéciale et  une assiette + collerette posée sur un sous plat antiglisse. Il faut parfois l’aider, si elle est trop fatiguée.Il faut faire attention à son poids, donc surveiller la quantité. Pour encourager Janique à suivre son régime, servir son repas plutôt dans une assiette à dessert, limiter les féculents et la viande mais pas les légumes. Essayer d’être à table avec des personnes ayant aussi besoin de s’encourager à perdre du poids (accompagnant ou participant).lui mettre des demi.portions. Prend le dessert à 16h. Si tousse lors des repas, la conduire à l'écart, attitude rassurante;gratin, papé vaudois;éviter sucreries en grande quantité et le grignotage et les aliments trop gras.;limiter les produits laitiers. Elle peut manger un yogourt (à la place d’autre chose) Fenouille, fruits de mer, œuf dur, choux fleurs -> attention à sa toux.;;A la paille / lui donner à la fin du repas 1 dl eau + souhait 1 dl de café;eau-café noir  et 2 assugrines;éviter les choses sucrées;sodas / Boissons sucrées ou grasses;;2146189022;0;0;2146189011;2146189011;184 25 597 / 0002;IMC;troubles moteurs, troubles visuels,très vite angoisée;Elevé;protéger Janique du soleil (chapeau, crème);Aide totale,Janique à une sonde urinaire elle à tendance à être souvent constipée,si pas de selles pendant 3 jours,il faut lui faire un mycrocliste. Petite toilette Lactacyd;sonde sous-pubienne. Janique a une sonde sous-pubienne. Elle demande pour aller aux toilettes. Attention à ce qu’elle ne soit pas penchée trop en avant pour éviter de faire une pression sur sonde. Ne pas changer l'uriflac sauf s'il est percé ou s'il est abimé.Pensement cysto Ma et Ve.;Matin et soir toilette intime minutieuse, bien sécher au foehn car risque important de rougeur. A chaque changement de protection lui faire une peite toilette intime et bien la sécher.;;;;
;-479406894;Couper les aliments, lui donner à manger;Fabian aime le chocolat;N'aime pas : poisson, œufs,beurre Lui remplir l'assiette ca il a tendance à peu manger surtout les légumes.;fatigue en fin de repas ou spasmes durant le repas;;Il boit avec une paille.;Sirop et coca;;;Boissons alcoolisées;2146189022;0;0;2146189011;2146189011;168 58 945;IMC;troubles moteurs;Elevé;Protéger du soleil - Rhume des foins - (voir médicaments);Aide complète - crème protectrice sur les fesses et les pieds (matin et soir) - fesses : compresses pour le protéger - Bien sécher les plis de la peau à l'aine, en cas de rougeur (crème Pévary) idem à la hanche droite - talon : mettre la peau de mouton Huile Antidry après la toilette.;Urine : bouteille à la demande ou lors de longues sorties. Condom chaque matin - poche. Selles : chaise percée 2x/semaine (mercredi et samedi matin);Appliquer crème protectrice sur les fesses et les pieds. Sièges : Mopilex border nettoyer au protan si nécessaire bépanthène onguent autour. Verge : si rougeur de lésion, mettre cavillon laisser sécher avant de remettre le condom.;;;;
;-414006540;Alexandre mange de tout en bonne quantité. Il faut lui couper ses aliments.;Bonbons, fruits;;Attention avec le sel sur la table.;;;Le thé froid, le sirop;;il ne boit plus de lait;;2146188990;0;0;2146188986;2146188986;00008 375-80-187;hydrocéphalie avec hémiparésie à gauche;trouble de l'attention, du langage, frustration avec crises de larmes et colères.;;Tendance à avoir le rhume;Il a besoin d'aide pour sa toilette. Il n'aime pas la douche. Alexandre à un drain qui passe dans son cou, à gauche. En cas de fièvre, cela pourrait indiquer que ce dernier est infecté. Prévenir la Maman de suite.;Bien veiller à le mettre aux toilettes avant/après une activité avant d'aller au lit.;;;;;
;-362773667;;;;;;;;;;;0;0;0;0;0;;;;;;;;;;;;
;-22390883;Aide totale : Se mettre derrière lui et lui tenir le menton avec une main - bouge beaucoup  - Manger : cuillère en inox - couper très fin. Couper le pain en petit morceau et mouiller les aliments. Utiliser le Masticateur.;matin : du pain,confiture (couper le pain en petits morceaux ou faire imbiber les morceaux);Ajouter du liquide avec les aliments c'est plus facile pour Claudio mange mieux;;;Claudio boit avec un verre avec un bec verseur et une bavette sous son menton;matin : café au lait ou cacao. Midi : il boit volontiers des sirops au citron ou orange et le soir des tisanes après avoir mangé ou café.;;;;0;0;0;2146188974;2146188974;092322;IMC athétosique. Déficience mentale et toubles de vision d'origine centrale;Problèmes aux poumons il lui reste 1 seul poumon. Rhume des foins;Elevé;Asthme en cas de trop grande excitation ou en période de floraison. Changer tout de suite le pull si celui-ci est mouillé au niveau des poumons.;Aide totale : Il bouge beaucoup - lui demander de rester calme;"Lange : jour et nuit - Ne va pas sur les WC. Sur demande il arrive à faire ""le pont"" pour mettre une protection, enfiler ses culottes et ses pantalons";;;;;
;0;;;;;;;;;;;0;0;0;0;0;;;;;;;;;;;;
;107;;;;;;;;;;;0;0;0;0;0;;;;;;;;;;;;
;111;;;;;;;;;;;0;0;0;0;0;;;;;;;;;;;;
;118;;;;;;;;;;;107;0;0;0;0;;IMC;handicap mental, malvoyant, troubles moteurs;;Protéger Marie-Noëlle du soleil.;;;TROP PETIT??';;;;
;119;;;;;;;;;;;0;0;0;0;0;;IMC;;;Protéger Danielo du soleil;;;;;;;
;129;;;;;;;;;;;0;0;0;0;0;;;Dysmorphysme congénital, lambosciatalgie gauche;;propyphenazare, protéger du soleil, utiliser des pansements hypoallergéniques;;;;;;;
;138;Daniélo mange seul;-;-;-;-;Il boit seul;-;-;-;-;2146188992;0;0;2146189294;2146189294;482-64-270;IMC;-;Moyen;protéger du soleil (casquette + crème);autonome mais a besoin de temps;il va seul aux toilettes;-;;;;
;160;;;;;;;;;;;0;0;0;0;0;;IMC;troubles moteurs;;supporte le soleil avec un chapeau;;;;;;;
;166;;;;;;;;;;;0;0;0;0;0;;;;;;;;;;;;
;167;;;;;;;;;;;0;0;0;0;0;;IMC;troubles moteurs, troubles visuels.;;protéger Janique du soleil (chapeau, crème).;;;;;;;
;175;;;;;;;;;;;107;0;0;0;0;;IMC;troubles moteurs;;protéger Christophe du soleil (chapeau, crème);;;;;;;
;177;"A besoin d'aide pour couper fin les aliments.
Elle mélange le chaud et le froid; ce qui est froid elle dit chaud.";Poisson, moules et fruits de mer;éviter les aliments trop sucré, proposer des fruits à la place. Etre attentif à son régime alimentaire : beaucoup de salades, de légumes et de fruits.;N'aime pas les carottes cuites et les petits pois.;crème, fromage et viande grasse;Boit normalement sans paille;;Pas de boissons trop sucrées;le lait entier (de préférence lait maigre);;107;2146189422;0;2146188971;2146188971;95278823;hémiplégie côté droit IMC;Handicap mental, épilepsie;Elevé;Vlada doit être protégée du soleil (crème, chapeau);Durant week-end toilette au lit 1fois par jour. Durant les camps regarder avec elle pour prendre la douche. Pour chaque soins bien rincer le savon et bien essuyer.;"Elle demande ""j'ai mal au ventre"" pour aller au WC. Elle s'essuie toute seule pour l'urine mais avec aide pour les selles. Elle va au lever à selles tous les jours.";faire au minimum 1 changement de position par jour;;;;
;179;;;;;;;;;;;0;0;0;0;0;;IMC Légère;Epilepsie de 1x par semestre à 4x par mois. Facteur déclencheur: boisons sucrée et dessert et émotion forte;;Rhume des foins;;;;;;;
;182;Elle mange seule, éventuellement lui couper les aliments plus durs.;;;Ne mange pas le poulet;Fraises (allergies !!!!!);;;;;;107;0;0;2146188975;2146188975;186 62 228;Non défini;troubles moteurs;;Médicaments autorisés: Panadol, Dafalgan. Autres à bannir. ELLE EST ALLERGIQUE AUX FRAISES !!!!!;Douche, soins infirmiers;Gisèle est autonome. Elle a une sonde sus pubienne.;;;;;
;184;;;;;;;;;;;107;0;0;0;0;;IMC;troubles moteurs;;A protéger du soleil. Il a parfois le rhume des foins.;;;TROP PETIT???;;;;
;252;;;;;;;;;;;0;0;0;0;0;;;;;;;;;;;;
;279;;;;;;;;;;;0;0;0;0;0;;Poliomyélite;---------;;---------;;;;;;;
;280;;;;;;;;;;;0;0;0;1533;1533;;IMC léger;handicap mental;;Protéger Fabien du soleil (chapeau, crème);;;;;;;
;281;"Éviter de mettre Léonard en face de son frère (Fabien) durant les repas, ils ont tendance à se provoquer.
Faire attention à ce qu'il ne mange pas trop et trop vite.";;Attention à ce qu'il ne mange pas trop.;;;;Le coca;Favoriser l'eau plate (Henniez);;;2146188980;0;0;2146188981;2146188982;1223-4288-7;IMC léger;graves difficultés d’élocution, handicap mental, troubles moteurs.;Elevé;protéger Léonard du soleil (chapeau, crème).;Rasage + brossage des dents;Léonard est autonome.;;;;;
;283;;;;;;;;;;;2151;107;0;0;0;;Trisomie 13;handicap mental, malvoyant (lui indiquer les reliefs), troubles de l'ouïe (perçoit mieux les sons graves).;;Chronique;;;;;;;
;286;;;;;;;;;;;107;0;0;0;0;;maladie neuromusculaire;troubles moteurs;;protéger Lionel du soleil (chapeau, crème).;;;;;;;
;287;Incliner légèrement son fauteuil en arrière pour faciliter la déglutition.Couper fin et très petit et si trop sec rajouter du lait ou de la mayonnaise. Alimentation normale. Couper fin et lui donner à manger. Rajouter sauce, lait ou autre.;Raclette, poisson;;;;Il boit à la paille.;Tout;;Alcool;;2146189786;0;0;2146189004;2146189004;036628;IMC profond;handicap mental, troubles moteurs.;Elevé;protéger Alain du soleil (chapeau, crème).Il a une peau très sensible, faire attention aux coups de soleil.;aide complète. Attention a bien mettre son plateau pour éviter les blessures aux genoux. Chaise percée pour douche tous les jours;Alain a une autonomie moyenne. Par commodité, il est langé à l'extérieur de la maison. Au changement de lange (matin, midi, soir, avant le coucher), lui demander s'il veut aller aux toilettes.;massage des pieds et des fesses. Surveillance de sa peau (frottements);;;;
;290;;;;;;;;;;;2134;0;0;0;0;;IMC;aucun;;Si elle est malade, il faut lui donner  des médicaments à base de plantes.;;;;;;;
;292;"Lionel mange de tout, il vaut mieux lui donner une sauce avec les aliments.
Il a besoin que ses aliments soient mixés très fin.
Lui donner deux gobelets en cas de chaleur car il se déshydrate facilement et est vite constipé. Pour un pic-nic une tranche de mousse de canard est par exemple facile à lui donner.	Yaour, compote, semoule.

Lui donner une sauce avec les aliments - Mixé très fin Si pic-nic donner une tranche de mousse de canard Mettre une cuillère dans la bouche et lui présenter un une boisson dans un gobelet";Jus de fruits et frappés - Mange de tout. Cacao - café.Jus d'orange le matin.;Mixé très fin;;;Avec épaissisant  (texture similaire au yoghourt), et lui donner avec une cuillère.;Il aime particulièrement café, chocolat. Il boit de tout.Boissons froides et jus d'orange;;boissons gazeuses. Les boissons ne doivent pas être bouillantes (tièdes);;2146189786;2146189787;0;1948;1948;;IMC profond;Handicap mental;Elevé;Soleil (le mettre à l'ombre et l'enduire d'une protection haute effiacité.;douche à l’aide d’un lit-douche (il apprécie beaucoup les bains relaxants). En cas de grande chaleur, il peut avoir la diarrhée. Il a une peau qui se dessèche vite (appliquer une crème hydratante) surtout sur la figure et les mains.;Lionel a besoin qu’on lui mette des couches et qu’on lui les change (matin, midi, soir).;Etre attentif à son siège, bas du dos.Il faut bien le fixer à l’aide du matériel qui compose son fauteuil.;;;;
;296;;;;;;;;;;;0;0;0;0;0;;myopathie;;;il est allergique à la Pennicelyne (à la place prendre de la cloroxine ou un dérivé);;;;;;;
;297;Lui couper la nourriture. Dans son gobelet avec la paille, sa cuillère et son assiette spéciale, Steeve mange seul et parfois avec un peu d’aide.;petit déjeuner : plutôt salé;Steve a repris du poids. Actuellement, être attentif à ses apports caloriques. Travailler sur les quantités, priviléger légumes/salades.;Les choux, la charcuterie, les concombres et les endives cuites, les fenouils entre autre, car il n'apprécie pas les légumes.;;lui donner dans un verre avec une paille ou en lui donnant.;café, coca-cola;;Attention : pas de trop grandes quantités de boissons sucrées;-;107;0;0;2146189004;2146189004;756.9638.5935.42;IMC;retard mental, troubles moteurs, malvoyant, malformation à la hanche droite et hypertension en cas d’émotion.;Elevé;A protéger du soleil (casquette, crème, lunettes).;"Steeve a besoin d’une aide complète. En principe une douche chaque 2 jours. Etre attentif à bien le sécher après la toilette. 	Steeve a également le pied gauche qui est marqué par plusieurs petits accidents. Ce ne sont pas des escarres.Il suffit de masser le pied afin de faire circuler le sang. A être attentif aux rougeurs au niveau des fesses et des pieds et aux mycoses entre les orteils et sous les aisselles.";Steeve est langé jour et nuit. A changer les protections le matin, midi, soir et en cas de besoin. Le matin et le soir lui mettre la bouteille.;pas de risque majeur;;;;
;301;;;;;;;;;;;2146189002;0;0;0;0;;PSO (psycho-syndrome organique);Handicap mental, retard mental, Hyperactif, troubles du comportement, problème de cœur;;rhume des foins, allergique à la penicilline;;Autonome;;;;;
;302;Aide totale : Support en bois avec un trou pour l'assiette pour qu'elle puisse manger seule. Mettre les médicaments dans la première cuillère et lui donner - Manger : couper fin - mange seule + rebord d'assiette. Tartine: humidifier avec du lait les tartines! Essaier de lui mettre le verre et la cuillère dans la main droite pour qu'elle mange seule. Elle mange plus le matin et le soir qu'à midi. Après le repas, lui donner son petit classeur. La faire manger à l'écart du groupe. La prise d'aliment sera ainsi facilité.;Aime manger - kellogg's pour le déjeuner;;N'aime pas le poisson!;;Elle boit avec un goblet toute seule, la forcer un peu car n'aime pas boire. Rester à côté d'elle car elle renverse son verre lorsqu'elle a fini.;Café sucré. Un verre de thé avant le cacao sinon elle ne boit pas.;;;;0;0;0;2146189010;2146189010;0342936;IMC avec tétraplégie, spastique et retard mental important;Handicap mental, - retard mental important épilepsie, malvoyante, troubles moteurs;Elevé;Soleil;Aide totale : Important de bien laver et sécher en tamponnant les parties intimes (grandes lèvres) car risque important d'inflammations. Lors de la sieste elle dort sur le dos et le soir contre le mur.;Aide totale : langée jour et nuit;A une tige le long de la colonne vertébrale. La solliciter et lui expliquer ce que l'on fait. Elle dort contre le mur + coussin entre les jambes;;;;
;303;Samuel aime tout. Lui donner à manger. Couper très fin, écraser les patates et les légumes et hacher la viande car Samuel ne mâche pas. Soulever le menton pour donner à manger ou à boire. Samuel mange volontiers des fruits pour le goûter. Ne pas lui donner les aliments en bouillie.;;"Samuel doit surveiller son poids, 1 assiette à soupe + ¼ lui suffise. En principe, il ne 
mange pas entre les repas.";;;lui donner. Lui faire tenir son verre avec la main droite mais la soutenir quand même sinon il le lâche. Vu son insuffisance rénale doit boire souvent.;;;Samuel n’aime pas les boissons gazeuses et froides.;;107;0;0;2146189005;2146189005;756.30.84.5679.59;IMC;;Elevé;Parfois les yeux rouges et le nez qui coule dû au pollen. Rincer les narines 3x par jour avec le Fluimare.;Samuel bave. Lui mettre une bavette sur la veste ou le pull lors des sorties. Pour la toiliette: aide totale. Lors du brossage des dents, Samuel avale le dentifrice et l’eau de rinçage qui doit être chaude. Après la douche, bien sécher au foehn les plis des cuisses, entre les orteils et les doigts et mettre la crème au visage. Au coucher, bien nettoyer le visage et ne pas lui mettre de crème. Pas besoin de raser Samuel.;Samuel est langé jour et nuit. Changement de lange 3x par jour. Le mettre si possible au toilette sur un rehausseur 15 min après les repas.;;;;;
;429;;;;;;;;;;;0;0;0;0;0;;;;;;;;;;;;
;450;;;;;;;;;;;0;0;0;0;0;;;;;;;;;;;;
;455;;;;;;;;;;;0;0;0;0;0;;;;;;;;;;;;
;857;;;;;;;;;;;0;0;0;0;0;;;;;;;;;;;;
;1414;;;;;;;;;;;0;0;0;0;0;;;;;;;;;;;;
;1447;;;;;;;;;;;107;0;0;1533;1533;;Spidia-bifida;Handicap mental, troubles  moteurs et sphincters;;non;;;;;;;
;1452;;;;;;;;;;;107;0;0;1533;1533;;Spina Bifida;handicap mental (léger), troubles moteurs.;;protéger Sandrine du soleil (chapeau, crème);;;;;;;
;1507;;;;;;;;;;;1431399595;0;0;1948;1948;;éctomélie (membres petits);aucun;;Elle est alergique aux  piqûres d’insectes (abeilles, moustiques…).;;;;;;;
;1508;;;;;;;;;;;1431399595;0;0;1948;1948;;phocomélie (Prince n’a pas de jambes);aucun;;protéger Prince du soleil (casquette, crème);;;;;;;
;1511;;;;;;;;;;;0;0;0;0;0;;IMC;;;;;;;;;;
;1512;A mettre une bavette avant le repas. Mixer et couper les aliments fins ou écraser à la fourchette  car il ne mâche pas. Samuel arrive à les mettre en bouche avec une cuillère en utilisant un bol ou une assiette à soupe. Lui faire boire au moins 2 littres par jour.;Il mange de tout, fondue avec patates écrasées (les céréales qui fondent bien eau-lait tiède);sans lactose ni gluten;les légumes aux vinaigres;;Il doit beaucoup boire, (thé, eau, chocolat chaud, etc.). Le faire boire au verre si on arrive pas lui donner avec la cuillère mais favoriser le verre. Paille-gobelet bec;Il aime le thé, l'eau et le chocolat chaud sans lactose, sirop, jus de fruits.;;les eaux gazeuses;;2146189745;0;0;2146189004;2146189004;;Micro-céphalie;non-voyant, stéréotypies, crises d’angoisse avec des cris, retard mental.;Elevé;Le protéger du soleil avec une casquettes. Lunettes de soleil sur l'eau et la neige;Samuel a besoin d’une aide complète pour sa toilette (laver le visage, les dents, coiffer, etc.).  Cependant, il commence à participer à certaines tâches ex. se brosse les dents. Le matin et le soir bien lui laver les parties intimes. Lui changer le lange quand nécessaire. Il porte une sonde sus-pubienne (sans uriflac). Il faut la vider chaque 3-4 heures (pas la nuit).;Samuel a une culotte en papier (pans) + sonde sus-pubienne. Iliostomie (poche);mains sèches;;;;
;1513;;;;;;;;;;;107;0;0;0;0;;IMC;aucun;;aucune;;;;;;;
;1578;;;;;;;;;;;107;1714;0;0;2210;;;essai de formulation pour test;Moyen;RAS;Le doucher, le savonner et le sécher.;Il est langé la nuit et lors d'événements particuliers. Il peut être mouillé seulement par accident ou en cas de crise d'épilepsie. Préconise de le laisser langer la journée.;RAS;;;;
;1630;;;;;;;;;;;107;394;0;1533;1533;;IMC;Handicap mental;;protéger Julien du soleil (casquette, crème).;;;;;;;
;1691;;;;;;;;;;;0;0;0;0;0;;;;;;;;;;;;
;1828;repas + goûter;pâtes, saucisses;;bonbons, chocolats;;3x le matin et 3x l'après-midi;jus de pomme, jus de raisin (avec un peu d'eau);;boissons gazeuses sucrées;;2146189548;2146189867;0;0;0;;trouble du spectre autistique;difficultés d'autonomie;Faible;;apprend gentillement à aller aux toilettes mais doit être accompagné.;Langer jour et nuit;;;;;
;2045;;;;;;;;;;;107;0;0;0;0;;;;;;;;;;;;
;2204;;;;;;;;;;;107;0;0;0;0;;Tétraplégie spastique post-traumatique;handicap mental, troubles moteurs;;A protéger du soleil. En cas de canicule:surélever les jambes et augmenter les changement de position.;;;TROP PETIT??;;;;
;2210;On doit lui donner à manger, la nourriture doit être mixée.;;Mixé et coupé très fin.;;Pas de biscuits secs, d'aliments durs, de bonbons etc.;Il boit avec une paille.;;;;;107;0;0;2146188985;2146188985;161.47.813;IMC;Handicap mental, épilepsie, troubles moteurs, autres…;Elevé;Ruhme des foins…yeux très sensibles (mettre les lunettes de soleil SVP);Aide nécessaire.;Doit être langé  Selle : suppositoires: lundi et vendredi;Surveiller les points d'appui,surtout les pieds(hydrater par effleurage si jamais).;;;;
;2215;"Autonome -- petite quantité, dans une assiette creuse.
Manger : l'aider à piquer la viande et couper fin, donner plus de légumes que de féculents";;Limiter les aliments caloriques;Tendance à la constipation;;"Aurélie boit au verre ou avec sa gourde
 Demande parfois un fond de verre d'eau avant de se coucher.";Sirop light, café le matin, thé froid light;;;;2146189292;107;0;2146188969;2146188969;756.4842.5132.87;Holoprosencéphalie, classé dans les IMC;Retard de développement et trouble de concentration Petites absences et tremblements liés aux médicaments. Tendance à être constipée;Elevé;Léger rhume des foins;Aide totale;"Langée jour et nuit : Ne pas la mettre à selles la nuit sauf en cas de changement de protection. Elle demande parfois pour aller aux toillettes; il est préférable de ne pas accepter sauf si elle a la protection est pleines de selles.(les demandes pr aller aux toilettes sont de plus en plus juste). Le matin, la mettre 5min.sur les toilettes avec une personne à côté d'elle.";Voir chagement de position;;;;
;2219;;;;;;;;;;;0;0;0;0;0;;microcéphalie;handicap mental, troubles moteurs;;avec le chlore elle a tendance à vomir;;;;;;;
;2291;Ne pas le faire manger s’il n’a pas faim (risque de vomissements nocturnes). Bernard mange de manière autonome, mais il faut l’aider à couper les aliments;Le matin, il apprécie le pain et la confiture, les yoghourts, les flans, la tart aux pommes, le laisser choisir.;n'aime pas le beurre, les bonbons et le chocolat;lait, crème, mayonnaise (risque de diarrhée);;Il aime boire abondamment, d’ailleurs il a souvent une bouteille en pet avec lui;le matin : café, tisane de camomille;;;Eviter le Coca et le thé froid la soirée;0;-895323539;0;2146189193;2146189193;80756002900021968361;retard général (48 chromosomes au lieu de 46).;Handicap mental;Moyen;Il est en traitement pour des verrues à 1 main. (Selon évolution) rhume des foins, à donner le Similasan no 2;lui brosser les dents, le coiffer, l’aider à se laver la figure, les mains, le doucher, le raser.;;;;;;
;2309;;;;;;;;;;;0;0;0;0;0;;IMC;Troubles moteurs;;Protéger Gil du soleil;;;;;;;
;2347;mettre une bavette avant le repas. Salima retient parfois ses selles, il est préférable d’avoir une alimentation variée avec des fibres. Elle doit aussi bcp boire (thé, eau, etc.). Lui donner un fruit ou jus de fruits avant le déjeuner pour prévenir la constipation. Elle boit seule mais la présence de l’adulte est nécessaire pour éviter les inondations. La rassure pour les repas.;;Couper fin les aliments (pas mixer) car mastique mal;Elle n'aime pas le melon;;;Boit de l'eau. Elle aime un cacao de temps en temps froid ou tiède. Un léger café au lait parfois;;les eaux gazeuses et trop sucrées. EVITER le coca qui devient une idée FIXE ! Sauf vers la fin d'une fête;;2146189305;1935972411;2146189306;2146188984;2146188984;011399476;Handicap mental et malvoyante;stéréotypies, crises d’angoisse. Elle a une vision périphérique. Les forts contrastes lumineux peuvent provoquer des angoisses. N'est pas propre. Ne parle pas mais comprend ce qui est simplement expliqué.;Elevé;Yeux à protéger du soleil, éviter si possible qu'elle fixe soleil ou sources lumineuses intenses (reflets de l'eau, neige). Si épanchements externe de l'oreille (otite), ne JAMAIS nettoyer avec des Q-Tips. Avertir les parents;Aide complète pour sa toilette. Bien essuyer ses oreilles et entre les orteilles. Séchage complet des cheveux après la piscine. Le matin et le soir laver le siège avec lavette et savon et BIEN sécher. Aime le bain et  la douche et lui donner de temps en temps le pommeau pour se rincer ou l’aider en la guidant.;Salima est langée jour et nuit. WC et la changer 4-5 fois/jour. La laisser sur les WC env. 10 min. avant ou après les repas en surveillant de tps en tps. Urine presque chaque matin sur les wc et souvent dans la journée. Parfois signale qu'elle doit aller au WC en criait.;;;;;
;2425;;;;;;;;;;;0;0;0;0;0;;;;;;;;;;;;
;2541;cf. feuille des aliments,;;mixé, ajouter bouillon ou liquide pour la faire boire -> aime la soupe;;;"Dans une bouteille cycliste ou un verre échancré, boit bien à le seringue et à la cuillère
Caroline peine à boire. Pensez à l'encourager et à bien verbaliser";Jus (sans acidité) pêche, mangue, poire. Tisane. Eau, Café+crème, Lait de soja;;Alcool (boit occasionnellement un peu d'alcool 1dl);Boissons gazeuse et très sucrées;1599;0;0;2146189010;2146189010;;IMC polyhandicap;épilepsie et des crises spastiques, Caroline prend régulièrement des traitements homéopathiques ou spagiriques :Suivre les instructions avant l'activité.;Elevé;produits alimentaires, Caroline est facilement éblouie, lui mettre des lunettes ou une casquette. N'aime pas le vent.;Elle a besoin d'aide. Lotion de soin sur le visage. En cas de problèmes de digestion, la prendre dans les bras contre soi et lui faire des légers massages de l'estomac. Les médicaments sous forme de pastilles ou comprimés, se donne dans une cuillère avec un peu de liquide ou d'aliment.;Caroline est langée jour et nuit. Il faut lui changer les langes après le déjeuner, puis vers 10h, après le dîner, vers 16h et avant le coucher. Pour aller à selles, la laisser faire dans les langes. Si après 2-3 jours, elle est constipée, il faut lui faire un lavement. (Systématiquement);! : au coccyx qui a tendence à devenir rouge;;;;
;2542;;;;;;;;;;;2146189119;0;0;0;0;;;;;;;;;;;;
;2548;"Aider à couper et à mettre en bouche, couper en petits morceaux, 
Emilie a bon appétit et mange de tout, elle ne mange pas chaud mais tiède.
Avec guidance avec Emilie, lui faire tenir la cuillère.Cela se peut qu’elle refuse de manger. Cela dépend de son humeur, essayer et insister un peu et une fois qu’elle a goûté elle mange, si non, lui proposer un peu plus tard. Faire les choses avec elle, pour les repas, toujours en guidance.Ne pas lui donner.";;;;;pour boire tenir le verre et attendre qu’elle prenne et en guidance avec elle. Mettre la bavette.;Elle boit de tout;;;Alcool;0;0;0;2146189020;2146189020;95.05178;Handicap mental avec troubles moteurs;épilepsie, absence, troubles moteurs.;Elevé;;Lui faire la toilette.Les soins usuels, bien lui brosser les dents.;La mettre assise régulièrement sur les toilettes entre 5 et 7 minutes. Elle peut retenir plusieurs jours ses selles. Emilie est langée la nuit. La laisser plus longtemps sur les toilettes lorsqu’on voit qu’elle a la chaire de poule car en générale c’est un signe qui nous dis qu’elle fait ses selles. La journée la laisser sans lange, la mettre souvent au WC, chaque 2 ou 3 heures. Le soir  avant le coucher la mettre au WC, de même que le matin au réveil.;;;;;
;2554;Manger : couper fin et l'aider à les mettre en bouche ou dans une assiette à soupe avec un rebord il arrive à prendre une fourchette dans sa main gauche. Aide pour mettre les aliments dans sa fourchette puis il mange seul;Aime : café sans caféine, corn flakes, cacao tiède, tartines;N'aime pas les sucreries, mie de pain;Jus de fruit (risque de diarrhée);Diabétique;Boire : avec de l'aide + verre;;;;;2146189584;2146189584;2146189014;2146188985;2146188985;00008206-54-173;IMC;Handicap mental, épilepsie, malvoyant, troubles moteurs. Il a parfois des spasmes principalement au réveil;Elevé;A protéger du soleil (chapeau, crème). Eviter de lui donner de l'aspirine (provoque urticaire);Aide complète - Après avoir été à selles sur la chaise percée on peut lui donner la douche sur la chaise percée. Lors qu'il se lave les dents, lui enlever le dentifrice avec un cotton tige.;Chaise percée matin, midi et soir. Mettre talc sous la protection.;Ne pas oublier le coussin de la chaise roulante.;;;;
;2578;;;;;;;;;;;0;0;0;0;0;;IMC paraplégie;;;;;;;;;;
;2584;Faire attentio naux sucreries. Lui couper les aliments.;;;;noix, châtaignes, abricots séchés.;;;;;;2146189009;0;0;2146189008;2146189008;;IMC;;;rhume des foins (médicament: Hismanal), allergie aux blancs d' œufs, possibilité de crises d'asthme causées par les  maroniers (médicament: Tavegyl);;Avec un condom urinaire;;;;;
;2589;;;;;;;;;;;0;0;0;0;0;;;;;;;;;;;;
;2604;Il faut couper fin les aliments et les lui donner en bouche. Ludovic arrive à mâcher. Quand ont lui donne les médicaments les mélanger avec les aliments. Si Ludovic gesticule et fait des petits cris c’est qu’il a une gélule collé au palais. Il ne faut pas hésiter à mettre le doigt ou une petite cuillère pour la décoller.;;Il n’aime pas la salade verte, les lasagnes, la viande hachée;;les gros morceaux.;Ludovic boit avec une paille.;;;;;107;2146189293;0;2146188985;2146189011;262 85 739 0002;IMC, maladie de Leigh;épilepsie;Elevé;A protéger du soleil, mettre une casquette.;Aide complète pour la toilette et la douche.;Ludovic est propre. Il demande pour aller aux toilettes (bouteille pour uriner en cas d'exception)  et chaque 3 à 4 jours il demande pour aller à selles (le mettre sur les toilettes). Il demande parfois (avant un départ en activité ou avant d'aller dormir) de lui mettre une protection, au cas où;Prévention des escarres : Important de contrôler le dos, surtout le bas.;;;;
;2611;Ne pas lui donner plus de 300 g. par repas. : Il mange seul avec cerceau sur son assiette et cuillère personnelle. Il boit seul avec un gobelet en plastique.;;Alimentation mixée lisse car risque de fausse route;;;Il boit seul avec un gobelet en plastique;café au lait, boissons sucrées (thé,sirop,jus de pomme);;Boissons gazeuses;alcool;2146189786;2146189787;0;2146189020;2146189020;01060 07-59736-8;Tétraplégie spastique;handicap mental, épilepsie (très bien stabilisée, si nécessaire : 10 mg de Midazolam;Elevé;;"Si il semble avoir des douleurs abdominales : lui donner 1suppo. spasmo Cibalgine 
Bien lui laver  et sécher les mains car a tendance à avoir des dermatoses. Appliquer une crème grasse type Neutrogena";Il est langé jour et nuit. Il ne va pas à selles spontanément. Il faut lui faire un Clyssie (petit lavement) chaque 3ème jour et le mettre sur la chaise percée. Ainsi il va la selle dans le ¼ d'heure.;;;;;
;2619;;;;;;;;;;;0;0;0;0;0;;;;;;;;;;;;
;2625;Raphaël se débrouille seul;Il mange de tout et a bon appétit;;;;Raphaël se débrouille seul;;;;alcool;2146189598;0;0;2146189020;2146189020;95.05177;Handicap mental avec des troubles autistiques;Problème avec le cœur. Eviter le stress et les montées, les grandes marches Il doit marcher doucement car risque de chute de tension et peut devenir pâle. Il doit s'assoir si trop fatigué pour éviter les chutes.;Moyen;aucune;Lui répéter de bien se brosser les dents. Ne pas laisser se rendre trop souvent aux toilettes ou dans sa chambre. L'aider pour les cheveux. Régler la douche et éviter qu'il mette trop chaud, bien surveiller.;Raphaël se débrouille seul après les selles le laver à l'eau tiède, bien sécher mettre un peu de poudre Pévaryl;;;;;
;2642;;;;;;;;;;;0;0;0;0;0;;;;;;;;;;;;
;2643;;;;;;;;;;;0;0;0;0;0;;;;;;;;;;;;
;2653;Couper  les aliments. Nicole emploie des ustensiles spéciaux (cuillère coudée, rebord d'assiette, verre, paille, disque antidérapant). Elle mange avec la main gauche.;;1 service - faire attention à la quantité.;N'aime pas trop les légumes et le poisson.;;Boit dans un verre normal,dans le plot en bois avec une paille normal;;;;;2146189786;0;0;2146189021;2146189021;008814;IMC;handicap mental, troubles moteurs, côté droit moins mobile Epilepsie;Elevé;protéger du soleil (crème, chapeau);Il faut lui faire la douche dans la chaise percée. Aide complète ou une petite toilette au lit.;"Mettre Nicole régulièrement aux toilettes (matin-midi-soir). Elle emploie une chaise percée. Elle a de la peine à aller à selles. 2x par semaine, elle a un suppositoire.Mardi et Vendredi
Lors de sortie qui dure toute la journée, langer Nicole, elle est plus rassurée ainsi et ça évite des surprises. Mettre une protection si rien le matin et pas de possibilité de la mettre à midi.";;;;;
;2654;;;;;;;;;;;0;0;0;0;0;;;;;;;;;;;;
;2655;Samuel aime manger les aliments tièdes et pas trop sec. Il peut manger les gâteaux mou et pas trop sec. Lui donner avec une cuillère à soupe et lui faire garder les mains sous la table.Mixer et donner à manger;;Aliments mixés;;;Lui rappeler qu'il doit boire. Il boit avec un gobelet en plastique et une paille solide;;;boissons gazeuses et les boisson à base de lait;;107;-749136963;0;2146188969;2146188974;057904;IMC hémiplégie côté droit;épilepsie stabilisée (foyer épileptique sur la droite du cerveau).;;protéger Samuel du soleil à cause des risques d’épilepsie. Il prend facilement des coups de soleil (car il a été greffé aux ja,bes et aux pieds). Il est allergique au plastique car il a facilement de l'herpes et risque d'avaler.;Aide complète. Il apprécie qu’on verbalise ce que l’on fait. Lui laver les dents. Samuel n’aime pas les coups de peigne. Il porte toujours sur lui un cycliste une chemisette et une ceinture (fermée dans le dos pour éviter qu'il l'enlève) à son pantalon la journée.;Samuel est langé jour et nuit. Il faut lui changer les langes en principe le matin, à midi et le soir. S’il fait des selles, le changer tout de suite car il n’aime pas ça et cherche de déchirer la protection. Il  reste sur les toilettes bien surveiller car il peut manger ses selles et il faut éloigner tout autour de lui.;;;;;
;2657;;;;;;;;;;;107;0;0;0;0;;Leucodistrophie dégénérative;handicap mental, troubles moteurs;;A protéger du soleil, en cas de douleur ne supporte que le Dafalgan, il est allergique à l’Aspirin.;;;TROP PETIT???;;;;
;2659;;;;;;;;;;;2154;534;0;0;0;;Polio;;;risque d'otites l'hiver;;;;;;;
;2734;;;;;;;;;;;1379;0;0;1533;1533;;IMC;;;protéger Kim du soleil (casquette, crème).;;;;;;;
;2746;;;;;;;;;;;107;0;0;1059574031;1059574031;;;handicap mental, troubles moteurs. Maya a une tige de fer dans son dos pour la scoliose.;;A protéger du soleil, casquette et crème solaire.;;;;;;;
;2762;;;;;;;;;;;107;1246;0;0;0;;IMC;handicap mentas, épilepsie, parfois absences, malentendant (il a un appareil auditif);;aucune;;;;;;;
;2811;;;;;;;;;;;0;0;0;0;0;;IMC;handicap mental, épilepsie, troubles moteurs;;Protéger Tiago du soleil (casquette, crème);;;;;;;
;2846;;;;;;;;;;;107;0;0;0;0;;IMC, hémiplégie côté gauche;léger handicap mental;;Allergie médicamenteuse: antibiotique eusoprim bactrim;;;;;;;
;50038399;;;;;;;;;;;0;0;0;0;0;;handicap mental;;;;;;;;;;
;55168688;;;;;;;;;;;0;0;0;0;0;;;;;;;;;;;;
;187714814;;;;;;;;;;;-1729217284;0;0;0;0;;;;;;;;;;;;
;207468492;################;poulet, viande rouge, purée, frites;;fromage dur et choux de Bruxelle, Fraise;;Café au lait avec du sucre. Il aime bien boire 1 malibu ananas ou une suze limonade de temps en temps;bière limonade;;;;2146189977;0;0;2146188976;2146188976;8075 60 000 80 01 86 62 200 0008;IMC;;;;aide totale;################;;;;;
;243437724;;;;;;;;;;;0;0;0;0;0;;;;;;;;;;;;
;396742077;;;;;;;;;;;0;0;0;0;0;;;;;;;;;;;;
;644630123;;;;;;;;;;;1544346540;0;0;0;0;;séquelles polio;hyperactivité;;;;;;;;;
;674040117;autonome, Les sucreries avec modération;les sucreries;;;;autonome sans exagération;thé, coca-cola;;;l'alcool;2146189729;2146189739;2146189740;2146189029;2146189029;756.1208.7008.86;Syndrome de Tar (bras plus court);épilepsie, attaque de panique et angoisses peuvent la faire chuter (bandeau de protection);Moyen;Ne doit pas toucher le LATEX (choc anaphilatique);elle est autonome;elle demandera de l'aide si besoin, dépend de la fonctionalité des locaux sinon elle est autonome.;;;;;
;674820052;;;;;;;;;;;0;0;0;0;0;;;;;;;;;;;;
;788283754;;;;;;;;;;;107;0;0;0;0;;IMC;handicap mental, troubles moteurs;;A protéger du soleil. Eventuellement médicament contre le rhume des foins.;;;;;;;
;982284145;Il mange mixé mais pour ce qui est mou, lui donner par petits bouts. Il mange à l'aide d'une cuillère. Il mange assez bien mais cela demande du temps, il faut le stimuler en appuyant sur la lèvre suppérieure. Il grince parfois des dents, sa langue reste collée au palais.;Boissons sucrées;;Alimentation trop chaude;;Il boit du jus de fruit : ananas, sirops, gazeux et aussi du thé sucré pas trop chaud avec un gobelet coupé. Cela demande du temps. Même s'il a de la peine à boire il faut insister. (IMPORTANT POUR L'HYDRATATION);;;;;107;0;0;2146188985;2146188985;181.98.389;IMC;Traits autistiques, retard mental et épilepsie. Lorsqu'il fait une crise, il a tendance à se crisper pendant 1 à 2 minutes. Dès qu'il a fini il se met assis.Faire attention lors de la crise qu'il ne se fasse pas mal sinon le mettre par terre;Elevé;Tendance à avoir des aphtes. Bien observer;Douche : Assis et attaché sur la chaise percée, il aime l'eau chaude. Il a besoin d'une aide complète.;Il est langé coucher et non debout car ses genoux lâchent et en permanence avec des protections mauves et une languette. Souvent, il n'urine pas la nuit, contrôler sa protection le matin car il risque d'être mouillé ainsi que sa chaise.;;;;;
;1005056097;;;;;;;;;;;39;0;0;1238;1238;;IMC;Handicap mental, malvoyant;;protéger du soleil (crème et chapeau).;;;;;;;
;1014636521;Aider à couper, couper fin, mixer la viande;;;;Kiwi;;;;;;2146188988;107;0;2146188984;2146188984;200 556 36;IMC;épilepsie, troubles moteurs., supports plantaires, il porte des lunettes (légèrement myope), fait parfois des absences;Moyen;protéger Antonio du soleil (chapeau, crème), allergie au kiwi.;douche ou bain;Antonio est langé jour et nuit. Il a besoin d'aide pour aller aux toilettes.;;;;;
;1026306511;;;;;;;;;;;0;0;0;0;0;;;;;;;;;;;;
;1031232110;;;;;;;;;;;0;0;0;0;0;;;;;;;;;;;;
;1034322144;;;;;;;;;;;0;0;0;0;0;;;;;;;;;;;;
;1035988716;Il faut lui couper les aliments. Il arrive à mettre en bouche ce qui tient bien dans la fourchette. Ce qui est liquide (soupe), il faut mieux le lui donner.;;;;;Alain boit avec une paille;;;;;2146189027;0;0;2146188974;2146188974;00 36 935;IMC;handicap mental, troubles moteurs;Elevé;protéger Alain du soleil (casquette, crème);Alain a besoin d'une aide totale.;Alain va à selle 2x par semaine, sans médicament. Il demande clairement et il reste assis seul sur les toilettes. Bouteille urinale au lit : matin et soir.;;;;;
;1041958732;;;;;;;;;;;835;0;0;0;0;;IMC léger, hémiparésie;côté droit : hémiplégie, épilepsie nocturne. Eviter de la mettre au lit trop fatiguée. Pas trop longtemps devant la télé;;"Cytomégalovirus / porteuse. Attention, si elle est au contact avec des personnes enceintes ! 
Rubéole encore détectée dans le sang.";;;;;;;
;1045738360;;;;;;;;;;;107;0;0;0;0;;IMC de type spastique;handicap mental, malvoyante, troubles moteurs et de l'épilepsie;;A protéger du soleil;;;;;;;
;1061796863;;;;;;;;;;;835;0;0;0;0;;Polio;problème de déplacement si il y a des barrières architecturales.;;;;;;;;;
;1061896702;;;;;;;;;;;107;39;0;0;0;;Handicap mental, troubles moteurs;;;rhume des foins, faire attention avec les fruits qu'il ne frotte pas les yeux;;;;;;;
;1061977115;;;;;;;;;;;0;0;0;0;0;;;Spina Bifida;;Les épinards lui provoquent de la diarrhée.;;;;;;;
;1074518627;;;;;;;;;;;0;0;0;0;0;;IMC;Malentendant;;;;;;;;;
;1083240723;;;;;;;;;;;0;0;0;0;0;;imc;;;;;;;;;;
;1087386639;Il mange mixé lisse (sans morceau). Il n’a pas besoin de cuillère ou de gobelet spécifique une cuillère à soupe et un gobelet en plastique qui résiste à un éventuel coup de dents.;Au déjeuner, il mange volontiers du pain écrasé sans la croûte avec confiture et beurre trempé dans du lait (chaud puis refroidis). Il apprécie également les Corn Flakes  (toujours trempés dans du lait chaud puis refroidi).;Il mange de tout à part le riz. Doit limiter la quantité de nourriture (1 assiette suffit);;;"Utiliser la poudre épaississante (1 mesurette rase / 4dl). Passer notre bras gauche derrière sa tête et avec une bavette soutenir son menton, puis mettre le gobelet en plastique contre ses lèvres, attendre qu’il avale quatre fois puis relever el gobelet, compter jusqu’à dix, puis recommencer à lui donner ses quatre gorgées.
Garder le rythme, sinon il croit qu’on ne veut plus lui donner à boire.
Ne pas le laisser rire au sourire, il se déconcentre. Ne pas hésiter dans ce cas à communiquer avec lui vos soucis. Il boit avec dificulté.";il apprécie les thés avec du sucre ou les sirops.;;boissons gazeuses;;2146189786;0;0;2146189005;2146189005;455-93-363;IMC profond, épileptique mais cela fait longtemps qu’aucune crise n’été constatée.;handicap mental, épilepsie très bien soignée, malvoyant( ne voit plus de son œil gauche), troubles moteurs athétosique ne sait pas relâcher quand il a un appui.;Elevé;rhume des foins;Totalement dépendant. Crème sur les lèvres car elles sont très sèches (il dort la bouche ouverte.) Crème sur les poignets avec petit massage pour la circulation du sang. Ne pas le mettre dans une baignoire car il tape les bras contre les bords. Crème d'abricot sur ses lèvres.;Il est langé en permanence. Lavement Clyssie chaque 2j.;prévention escarres par le changement de positions;;;;
;1087391122;Aide totale pour manger. Mange mixer car il fait des fausses-routes. Il mange de tout. Sort le bout de la langue quand il ne veut plus manger. Garder le coussin pour manger;;toujours mixé car risques de fausses routes;;;Bien garder sa tête droite! Il boit avec une paille (ou au verre). Il a souvent de la peine a boire avec sa paille mais il faut insister. Sinon il faut lui donner nous même avec de petites gorgées.;thés sucrés, sinalco, coca…;;le lait. Il peut le matin;;107;0;0;2146188984;2146188984;010934578;IMC profond;Handicap mental, troubles moteurs;Elevé;Faire attention au soleil : risque de malaise ou chutes de tension : incliner la chaise, le rafraîchir avec un linge humide et lui donner à boire. Ne pas le laisser sans surveillance et si nécessaire contacter la Castalie ou l'hôpital la plus proche.;Ne jamais le laisser seul! Toilette au lit  - bain et douche : chariot bleu - Toujours lui mettre la ceinture même dans la chaise. Ne pas le mettre dans une baignoire.;Il est toujours langé. Il faut le changé 3 à 4 fois par jour après les repas.;Prévention d'escarres;;;;
;1088577847;;;;;;;;;;;0;0;0;0;0;;;;;;;;;;;;
;1100016670;"Il parvient à manger seul avec une cuillère à soupe. Il faut couper fin et l'aider s'il n'arrive pas tout seul.
Matin : biscotte
Midi : Il mange de tout
Soir : Il apprécie les yaourts, les céréales ou le reste de midi.";légumes, viande et pommes de terre, biscuits, cakes, pêches, yogurt, creme vanille, les compotes;;ne peut pas manger la nourriture animale, carottes, tomates, haricots, produits laitiers;;"Matin: OvomaltineIl boit beaucoup : sirop, eau, lait dans un verre.
Il boit eaucop. Il se peut que romain casse son verre avec les dents donc il faut lui donner un verre en plastic.";;;Boissons gazeuses;;107;0;0;2146188974;2146188974;09 36 36;IMC;Retard mental, crises d'épilepsie mais stabilisées.;Elevé;tendance aux conjonctives ou irratation des yeux;Il a facilement les mains sèches, il faut lui appliquer des crèmes.;Il faut le mettre sur les WC après le repas puis le langer environ 4x par jour. Il sait monter son pantalon sur demande verbale. Va souvent aux toillettes;;;;;
;1100158231;Une cuillère à soupe et fourchette, Patrick souffre de remontée acide;;;Il n'aime pas la confiture à cause de l'acidité, la salade russe, verte, choux… le chili con carne, les poivrons et les crevettes;Tomates, poivrons,ratatouille;seul;Eviter les boissons gazeuses;;Jus d'orange, café, boissons gazeuses;;2146189012;0;0;2146189011;2146188982;756.3362.7880.38;IMC;Handicap mental, malvoyant, troubles moteurs;Moyen;Aucune;Aide totale pour la douche, lavage, rinçage et essuyage.;Besoin d'aide pour détacher et rattacher son pantalon. Ne s'essuie pas, nécessite de l'aide lorsqu'il va à selle.. Lui demander régulièrement d'aller aux WC.;;;;;
;1106056329;;;;;;;;;;;0;0;0;0;0;;;;;;;;;;;;
;1115645303;Aide totale : - mixer couper fin - il aime tenir le poignet de l'accompagnant.- dans sa chaise avec le plateau - Nourriture bien mouilliée. Eviter de lui laisser des objets sur la table car ils les jettent par-terre. Ne pas le mettre devant les desserts.;1+1/2 tartine ( sans les croûtes) + confiture, parfait fromage à tartiner selon convenance (mouiller le pain avec du lait), crème, chocolat, yogurt;Petits morceaux de légumes mixés pour colmater le reste du repas.;Ne pas le coucher tout de suite après le repas pour éviter les régurgitations;Riz - bonbons (risque d'étouffement);Il boit seul avec son verre à pipette (rester à coté) D'abord donner une tasse de thé et ensuite celui du cacao ou de café;le matin : cacao -Thé-Café;;;;2146189787;0;0;2146188991;0;207-81-638;IMC;Handicap mental, épilepsie, troubles moteurs;Elevé;;Aide totale : Au lever : lui faire des exercices pour assouplir les hanches - Essuyer régulièrement la bave.;Urine souvent après la douche : le laisser faire et le langer après. Au changement du lange être attentif qu'il n'urine pas. S'il regarde son pénis, il va uriner. Prévoir un lavement chaque 3 jours et attendre env. 30 a 45 min.;;;;;
;1116339152;Aide totale : Support en bois avec trou pour l'assiette pour qu'elle puisse , manger seule. Mettre les médicaments dans la première cuillère et lui donner-Manger : couper fin- mange seule + rebord d'assiette. Tartine : humidifier avec du lait les tartines ! Essayer de lui mettre le verre et la cuillère dans la main droite pour qu'elle mange seule. Elle mange plus le matin et le soir qu'à midi. Après le repos, lui donner son petit classeur. La faire manger à l'écart du groupe. La prise d'aliment sera ainsi facilité.;Aime manger-Kellog's pour le déjeuner;;N'aime pas le poisson !;;Elle boit avec un gobelet toute seule, la forcer un peu car n'aime pas boire. Rester à côté d'elle car elle renverse son verre lorsqu'elle a fini.;;;;;0;0;0;2146189010;2146189010;0342936;;;;;;Aide totale : langée jour et nuit;A une tige le long de la colonne vertébrale. La sollicite;;;;
;1119442659;;;;;;;;;;;0;0;0;0;0;;;;;;;;;;;;
;1119443187;Samuel aime plutôt manger les aliments tièdes et pas trop secs. Lui donner avec une cuillère à soupe et toujours les mains sous la table. Mixer, couper fin, donner à manger. Il commence à bien mastiquer les aliments;;;;;Donner à boire. Il boit seul avec son gobelet en plastique avec une paille solide.;;;boissons gazeuses + boissons à base de lait.;;107;0;0;0;0;;IMC hémiplégie côté droit;épilepsie stabilisée (foyer épileptique sur la droite du cerveau);Elevé;protéger Samuel du soleil (crème, chapeau) à cause des risques d’épilepsie. Il prend facilement des coups de soleil (car il a été griffé aux jambes et aux pieds). Il est allergique au plastique car il a facilement de l'herpès.;Aide complète. Lui laver les dents. Samuel n’aime pas les coups de peigne;Samuel est langé jour et nuit. Il faut lui changer les langes en principe le matin, à midi et le soir. S’il fait des selles, le changer tout de suite car il n’aime pas ça. Il ne reste pas sur les toilettes bien surveiller car il peut manger ses selles et il faut éloigner tout ce qu'il y a autour de lui;;;;;
;1119448530;"Attention aux fausses routes : mixé gros. Le calmer un peu au repas, Patrice mange trop vite : Il faut qu’il aie ses deux pieds de chaque côté des pieds de la chaise et qu’avec sa main gauche, il tienne 
la chaise ou la table. Le plus droit possible. Son menton devrait faire un angle.";;Donner à boire avant et après le repas.Eviter pendant le repas.;Ne supporte pas bien le lait;"Suite à ses problèmes de fausses routes il doit éviter de manger des aliments
trop dur ( croûtes de pain – cacahuètes – ainsi que le riz, pas facile à avaler )";Aider à boire (il boit avec sa bouteille ou avec une paille) Il prend depuis quelque temps de la poudre gélifiante (1cc/dl)dans ses boissons.Surtout pas la tête penchée en arrière pour boire. Vérifier qu’il n’ai plus de miettes dans la bouche avant de boire. Patrice boit trop vite, le clamer un peu.;Thé froid - Jus d'orange au déjeuner;;Boissons gazeuses;;0;107;0;2146189444;2146189444;209 22 852;Ataxie, syndrome de Marinesco;troubles moteurs;Elevé;A protéger du Soleil (casquette, crème);Patrice ne se lave pas seul. Il a aussi besoin qu’on lui brosse les dents.;Installer toutes les 2h30 - 3 heures Patrice sur les WC. Patrice a besoin de protection, il est langé jour et nuit. Si pas sûr qu'il y ait des WC lui mettre des protections plus épaisses.;;;;;
;1125316835;;;;;;;;;;;0;0;0;0;0;;;;;;;;;;;;
;1127891338;Autonome. Il a tendance à manger rapidement et en grandes quantités. Faire attention à ces deux aspects.;;;Il n'aime pas les croûtes aux champignons.;;;;;;;107;0;0;2146188984;2146188984;10911341;;Handicap mental;Moyen;;Besoin d'aide.;Il faut contrôler qu'il aille à selle.;;;;;
;1138806721;Il mange seul avec une cuillère et un bord d'assiette. Il faut lui couper les aliments.Il est gaucher.;-;-;-;-;;Café de temps en temps donner le médicament avec du café;;;;107;0;0;2146189099;2146188968;2.625.797;Syndrome de Lennox;Epilepsie. En cas de forte d'émotion, il peut faire des crises de type grand mal. Il a tendance à partir en extension puis il tombe. Pour le protéger,il porte un casque.;Elevé;épilepsie: lorsqu'il ne parle plus ou fait a a a, le prendre par les épaule et le secouer en lui parlant, sa peut le ramener.;Le doucher, le savonner et le sécher.;Il est langé la nuit et lors d'évenements particuliers. Il peut être mouillé seulement par accident ou en cas de crises d'épilepsie. On préconise de le laisser langé la journée.;;;;;
;1144677323;Autonome;;;;;;;;;;0;0;0;0;0;;;;;;;;;;;;
;1148904896;Il mange et boit seul mais il faut lui couper les aliments.;le matin : une tartine au miel, au nutella ou des corn-flakes.;aucun mais il a un bon coup de fourchette, alors faire attention à la prise de poids;Il n'aime pas le poisson;Les bonbons, il risque de les avaler !;il boit seul mais il faut le motiver à boire !;matin : cacao;;;;107;0;0;2146188974;2146188974;109445;IMC / être attentif, toujours des risques de crises épileptiques (bruit, cris, suprise…). Le mettre en sécurité en cas de crises et le surveiller attentivement.;Tiago est malvoyant (il n'a aucune vision périphérique). Il faut éviter le contact de côté car il ne voit pas arriver les gens et cela pourrait lui faire peur. Il  a aussi des troubles moteurs : une hémiparésie principalement du côté gauche.;Elevé;Pas d'anxiolytique : Il réagit mal à la substance. Il saigne facilement du nez. Il faut prendre du temps pour le rassurer. Bruits imprévus, il a peur et devient blanc. Il faut lui dire de respirer.;A cérébral, il n'y a pas besoin de lui mettre les atelles dans les souliers durant la journée. Atelles : env. 4 à 5h par jour, quand il est par terre, les lui enlever et le mettre à pieds nus dans l'herbe.;Il faut lui proposer d'aller aux toilettes. Il sait aller seul mais il a besoin d'aide pour s'essuyer. Il n'est pas langé (ni jour, ni nuit).;;;;;
;1172471980;;;;;;;;;;;0;0;0;0;0;;;;;;;;;;;;
;1172577274;;;;;;;;;;;0;0;0;0;0;;;;;;;;;;;;
;1175782861;Mange seule;-;-;desserts trop sucrées (peut manger mais peu);les choux, les sauces Attention Dysenterie;Boit normalment. Coka zéro 1 par jour. Café - latte Macchiato - Cappuccino;-;-;boissons sucrées ( peut boire mais peu);;2146189964;2146189557;0;2146188969;2146188969;756.8767.5441.42;IMC légère, hémiplegie gauche;épilepsie, sourde oreille gauche, vision tubulaire;Moyen;Rhume des foins, protéger Kathia du soleil (crème et chapeau;Aide pour se laver, se doucher, se laver les cheveux et se coiffer. Ne se rince pas bien.;Kathia est autonome;-;;;;
;1175783172;"Aide totale : Manger : hacher petit mais non mixer - dans une cuillère à soupe + un peu de liquide pour faciliter la déglutition
Il apprécie beaucoup de nourriture à la fois sur sa cuillère.";;Au foyer : presque toujours des pâtes avec beaucoup de sauce;Riz, pommes de terre à l'eau et bolognaise. Lactose. Pas de poudre de lait.;Produits avec lactose.Poudre de lait Lait de soja ou amande = OK;"Il boit avec un gobelet spécial en plastique.
Il ne boit pas d'eau mais beaucoup de sirop framboise, mais pas cassis.";;;n'aime pas le sirop au cassis!;;2146189812;0;0;2146188984;2146188984;10 90 87 20;IMC;Troubles moteurs;Elevé;Soleil : crème;Aide totale;Aide totale : matin et soir : vase pour uriner (couché sur le ventre) - voir avec lui  + qqfois condom. Aux toilettes : chaise percée - la nuit il n'urine jamais lorsqu'il est nu.Ne peut pas rester lgt sur le dos. Tjs lever la barrière!;Masser le siège matin et soir;;;;
;1176728538;;;;;;;;;;;0;0;0;0;0;;;;;;;;;;;;
;1184667370;;;;;;;;;;;0;0;0;0;0;;;;;;;;;;;;
;1191311576;Uniquement par la PEG;Voir plan d'alimentation;;A tendance à avoir des régurgitations.;Aliment pour la bouche;Uniquement par la PEG;Voir plan d'alimentation;;;boisson par la bouche;107;0;0;2146189015;2146189015;;IMC;Troubles mentaux, troubles moteurs. Attention dans les manipulations car Maya a une tige de fer dans son dos pour la scoliose.;Elevé;Au soleil, casquettes et crème solaire;Lit douche. Maya a souvent des mycoses, bien désinfecter lit douche après utilisation ! Bien laver et secher les parties du corps, surtout les parties intimes. Peut aussi faire une toilette au lit.;Protection S le jour, protection M + millette la nuit.;Attention à la PEG, contrôler matin et soir les points d'appui !;;;;
;1191915897;Donner à manger avec modération. Le soir, mettre quatre pruneau dans une tasse d'eau. Le matin, lui faire boire l'eau et lui donner manger les pruneaux.;Il aime tout;ne pas exagérer avec les sucreries.;;;lui donner beaucoup à boire;;;;;107;0;0;2146189005;2146189005;28168092;IMC;;Elevé;Aphtes : badinage avec propolys (teinture)     Allergie cutanée au visage : Appliquer pommade parfenac (autour du nez, entre les sourcils matin et soir, sinon rougeur);Il faut lui brosser les dents après chaque repas. Suite à un accident (tombé du lit) il faut le masser matin et soir. Et être prudent lors des soins;Andreï demande qu'on lui donne la bouteille. En sortie, mettre un condom et sac urinaire.;;;;;
;1194356555;Elle mange de tout et a un excellent appétit. Il faut lui couper la nourriture en petits morceaux car elle ne mâche pratiquement pas, lui demander de le faire. Risque de fausses routes. Il est parfois nécessaire d'aller chercher avec ses doigts un morceau de nourriture resté coincé au fond de sa bouche. ATTENTION : ELLE PEUT FACILEMENT TOMBER D'UN BANC OU D'UNE CHAISE !!!!! Elsa a de la peine à rester en place.;;;;;Il faut veiller à ce qu'elle s'hydrate suffisamment. La faire s'asseoir pour boire et lui mettre une bavette, la rendre attentive à ce qu'elle fait et la laisser se débrouiller. Ses précautions permettent d'éviter qu'elle se verse le contenu du verre sur elle. Rester à côté. Eviter les récipients en vrai verre car elle peut les croquer et les casser dans sa bouche.;Nesquik+sucre le matin et à 16:00;;;;107;0;0;2146188975;2146188975;;retard mental - 22Q13 délétion;non;Moyen;non;A besoin d'être accompagnée d'un adulte pour toutes tâches. Besoin d'être langée.;Elle ne se manifeste pas toujours lorsqu'elle a besoin d'être changée car elle n'aime pas beaucoup être changée. Il faut lui demander si elle veut aller aux WC. Il faut changer immédiatement après selles car peau du siège très fragile.;;;;;
;1194358603;Sophie choisit ce qu'elle désire. Il faut lui couper la nourriture et lui donner à manger.;;Eviter trop de féculents et de sucreries à cause de la prise de poids.;;;Mettre son gobelet entre les jambes.;;;;;107;0;0;2146188970;2146188970;1021;;Traumatisée cérébrale, troubles moteurs.;Elevé;À protéger du soleil, sinon elle n'a pas d'allergies. Pevaryl si mycoses inguinales. En cas de canicule ou forte chaleur : surélever les jambes et augmenter les changmements de position.;Aide complète pour la toilette (laver les dents, le visage, coiffer, etc). Bien laver et sécher les plis du ventre, inguinaux, sous les bras et les doigts de pied et sécher au foehn. Attention aux plus des coudes et entre les doigts. Masser les fesses avec de la crème Vacosa en cas de rougeurs. Laver le corps (elle supporte les produits de douche). Ne pas lui mettre de déo. Le matin et le soir laver le visage à l'eau et lui mettre que de la crème Exipial.;;;;;;
;1194881278;;;;;;;;;;;0;0;0;2146189010;0;8766;;;;;;;;;;;
;1195664924;Manger : couper petit les aliments - cuillère coudée assiette avec bord plasique. Utilise sa main gauche. Elle mange dans sa chaise roulante;;Féculent : 1 cuillère seulement - en petite quantité. Fgaire gaffe à son poids;;-;Boire : Verre avec tubulure;Café et thé le matin;;;;0;0;0;2146188974;2146188974;40 223;IMC;Problèmes de vue;Elevé;Soleil (casquette et crème obligatoire);Aide totale - laver les cheveux un jour sur 2 - Crème pour le visage - douche sur  le chariot douche.;Chaise percée : midi et soir avec emploi de l'élévateur pour aller aux toilettes. lange : jour et nuit;;;;;
;1196153139;les gros morceaux ET de parler en mangeant car il s’étouffe. Il mange seul, l’aider en fin de repas, mixer, il a une cuillère spéciale et un rebord d’assiette. Pour boire, il a une bouteille avec un bec et  utiliser une paille pour facilité la prise de boisson. Il n’aime pas prendre sa boisson tout seul.;;Il mange mixé;;;de temps en temps il peut boire une bière sans alcool. Il n’apprécie pas trop les fruits. Le matin il apprécie le café, le jus d’orange, bircher et yogourt et aussi les sandwichs. Il aime beaucoup les pâtes. Il boit avec l’épaississant.;;;boissons gazeuses;;107;0;0;2146189018;2146189018;962 06 19 067;Leucodistrophie dégénérative;handicap mental, troubles moteurs,;Elevé;A protéger du soleil, en cas de douleur ne supporte que le Dafalgan, il est allergique à l’Aspirin + Peniciline;Jean-Claude a besoin d’une aide complète pour sa toilette (laver le visage, les dents, coiffer, etc.) Le soir à faire un massage des pieds avec Valcosa ou une crème grasse afin de stimuler la circulation sanguine. Le matin sur son lit lui stimuler les deux jambes en lui faisant faire le geste du « pédaleur ». Constipation lui administrer Practolyss chaque 3 à 4 jours. Pas nécessaire s’il boit du jus de pomme. Tous les matins quelques pruneaux secs.;?  Il est langé jour et nuit. Lui changer le lange 3 à 4 fois par jour (lever, dîner, avant le coucher et si nécessaire). Ne pas le mettre sur les toilettes, mais veiller qu’il n’ait pas de rougeur sur les fesses, sinon lui appliquer une crème.;;;;;
;1197467512;lui couper la nourriture. Il mange seul avec son assiette et sa cuillère spéciale mais a parfois besoin d'un peu d'aide.;aime le bircher au petit-déjeuner;Steeve a beaucoup maigri, il peut manger sans autre.;les choux, la charcuterie, les concombres, les endives cuites, les fenouils;;Avec son gobelet ou sinon dans un verre normal avec une paille;;;;;107;0;0;2146189005;0;454-29-544;IMC;léger retard mental, troubles moteurs, malvoyant, malformation à la hanche droite et spasticité très forte en cas d'émotion;Elevé;protéger du soleil (casquette, crème, lunettes);Aide totale. Douche chaque 2 jours. Bien le sécher après la toilette. En cas de boutons de chaleur appliquer Dalasin. Steeve a le pied gauche marqué par plusieurs petits accidents, ces marques ne partent pas. Ce ne sont pas des escarres, juste masser le pied afin de faire circuler le sang. Etre attentif aux mycoses entre les orteils;langé jour et nuit. Changer la protection matin, midi et soir et en cas de besoin. Le matin et le soir lui mettre la bouteille. En cas de long déplacement, lui rajouter une languette dans la protection.;masser régulièrement les fesses, les chevilles et les pieds avec la crème Vacosa matin et soir. Etre attentif au rougeur au niveau du siège et des pieds.;;;;
;1201506572;;;;;;;;;;;0;0;0;0;0;;;;;;;;;;;;
;1201536087;;;;;;;;;;;0;0;0;0;0;;;;;;;;;;;;
;1206538880;Il faut lui couper les aliments et lui donner.;;;;Viande de porc.;Il boit dans un verre et apprécie toutes les boissons.;;;;;2146189424;2146189425;0;2146188975;2146188975;08 283 20 867;IMC;;Moyen;Au printemps il a des irritations aux yeux, des éternuements et le nez qui coule.;Il y arrive avec de l'aide et il explique comment faire.;Il est propre et va aux toilettes normales avec l'aide des barres pour s'asseoir. Il est langé lors de sorties particulières, ex. match de foot, à discuter avec Emir selon l'activité. Il utilise la bouteille pour uriner. En principe, elle se trouve dans son sac à dos derrière sa chaise.;;;;;
;1210064527;"Éviter de mettre Fabien en face de son frère (Léonard) durant les repas, car ils ont tendance à se provoquer.
Éviter qu'il mange trop.";;Ne pas lui laisser trop manger;;;;;;;;2146189153;0;0;2146188979;2146188979;198 26 569;IMC Léger;Handicap mental : Fabien à besoin d'être cadré, car il a parfois des comportements inadéquats.;Elevé;Protéger Fabien du soleil. Chapeau, crème;Aide nécessaire, avoir un œil sur son hygiène;Fabien est autonome.;;;;;
;1219752667;Lucie mange de tout. Elle porte une bavette durant les repas, elle mange avec une assiette creuse avec un rebord d'assiette et une petite fourchette. Afin que Lucie garde un rythme normal et calme lorsqu'elle mange, nous devons intervenir afin qu'elle fasse des pauses entre deux fourchettes. Comme dessert, Lucie raffole des barres de << Balisto >>. Nous devons lui couper tout petits les aliments sinon elle ne mâche pas et risque de fausse route.;Lucie mange de tout, elle apprécie les fromages, crèmes, beurre, (les douceurs). Elle aime les purées de fruits, par exemple : purée de pommes, purée de poires.;;Eviter les aliments trop gras, risque de problèmes de digestion. Lucie n'apprécie pas les fruits nature, bananes, oranges, pommes.;;Dans un verre en plastique, avec des petites quantités, autrement elle peut  renverser le verre.;Sirop, jus;Lucie boit bien tous les liquides sucrés.;Les sodas;;2146189787;2146190061;0;0;0;;Troubles du spectre autistique;Déficience mentale profonde, épileptique, scoliose thoraco-lombaire;Moyen;Lucie est allergique aux pollens.;"Lucie est dépendante de l'accompagnant pour tous les actes concernant son hygiène; changement de protection, douche, habillage.";Lucie est langé jours et nuits.;Lucie n'a pas d'escarres.;;;;
;1220344826;Elle est autonome pour manger. Elle mange avec un support en bois légèrement incliné, une assiette creuse. Elle mange avec une cuillière noire avec sa main droite. Il faut lui couper tous les aliments.;;"Elle doit faire attention à son poids ; elle prend donc peu de féculents, et pour le dessert, elle a le droit à un fruit.";Patrizia n'apprecie pas les viandes blanches comme la dinde, lui faire goûter etb elle sait dire si elle n'aime pas.;;Autonome;thé froid, coca light et café;Eau pour les repas car régime stricte;;;107;0;0;2146188976;0;182-94-300;retard du développement général, hydrocéphalie;;Elevé;Aucune allergie connue;Patrizia est douchée tous les matins. Il faut la nettoyer, la rincer et la sécher. Elle s'habille ensuite même.;Patrizia est langée jour et nuit. Elle peut demander pour aller au toilette sur la chaise percée (souvent avant la douche).;;;;;
;1228834647;;;;;;;;;;;0;0;0;0;0;;;;;;;;;;;;
;1228835384;Aide totale :couper et lui donner à manger.;Sophie choisit ce qu'elle désire manger. Elle mange de tout.;Eviter trop de féculents et sucreries;;;Dans un gobelet et une tubulure.;café, jus de fruits.;;;;107;0;0;2146188974;2146188974;1021;Tétraplégie spastique et post-traumatique;Traumatisme cérébral et troubles moteurs;Elevé;Soleil : à protéger - en cas de canicule ou de forte chaleur: surélever les jambes et augmenter les changements de position - voir médication;Aide totale . Bien laver et sécher les plis du ventre, inguinaux, sous les bras, sous les seins et les orteils et sécher au foehn. Attention aux plis des coudes et entre les doigts. Supporte les produits de douche mais ne pas lui mettre de déo. Matin et soir : laver le visage à l'eau et lui mettre que de la crème exipial. Lui raser le menton si besoin.Lundi et vendredi practo.;Sophie est langée jour et nuit. Nous lui mettons un vase après le dîner et le souper. Le lundi matin et vendredi matin un practo. Elle fait ses selles sur les toilettes installées sur une chaise percée.;Longue période assise - inclinaison dans le fauteuil;;;;
;1228837894;;;;;;;;;;;0;0;0;0;0;;;;;;;;;;;;
;1228923808;"Veiller à ce qu’il se nourrisse suffisamment car s’il y a de l’animation autour de lui il a tendance à s’arrêter de manger. Il faut mixer très finement (consistance d'un yaourt). Pour lui donner à manger utiliser une cuillère à dessert en plastique. Lui mettre des épices sur la nourriture (paprika, gingembre, sel, poivre) lui demander ce qu'il préfère. Les épices stimule la déglutition
veiller à ce que la tête soit en flexion et pieds attachés. + chaise légèrement en arrière";tout ce qui est à base de chocolat;;;;Utiliser le gobelet en plastique échancré de Nicolas pour lui donner à boire. Donner 2 verres pendant le repas. Contrôler qu'il boive suffisamment. Épaissir les liquides;café au lait sucré;;;;107;0;0;2146188976;2146188976;190-46-326;IMC;Handicap mental, troubles moteurs;Elevé;A protéger du soleil (casquette, crème, lunettes) Nicolas est très sensible de la peau. Eventuellement du Zyrtec en cas de rhume des foins.;Aide nécessaire. Bien sécher après la toiette. Le matin crème Exipial sur le visage.;Nicolas est langé jour et nuit. A changer la protection le matin, midi, soir et nuit si nécessaire.;si rougeurs sur talons et siège, masser avec crème Vascosa;;;;
;1228924280;Elle apprécie ce qui est sucré, voire très sucré et épicé. Il faut mixer et suffisamment mouiller les aliments. Lui donner à manger avec une petite cuillère. Maya met la tête en arrière et mettre doucement la cuillère au fond de la gorge. Si elle n'a pas faim ou soif, ne pas insister (sauf si elle est malade), car elle se régule.;le matin : bircher, cake ou pain (sans crôutes) avec de la confiture trempé dans le lait ou le café.;mixé. Maya a besoin d'une alimentation riche en fibres alimentaires.;;les gros morceaux;utiliser épaississant (thick and Easy) pour les boissons et certains aliments trop liquides. Pour boire, elle a un gobelet coupé. Il faut se  tenir derrière elle et lui maintenir la tête.;boissons gazeuses. Lait mélangé avec du sirop. Toutes les boissons sucrées;;;;107;0;0;2146189015;2146189015;4133159;IMC;handicap mental, troubles moteurs, attention dans les manipulations car Maya a une tige de fer dans son dos pour la scoliose.;;A protéger du soleil, casquette et crème solaire. Si non elle n’a pas d’allergies;"Maya a besoin d’une aide complète pour sa toilette (laver le visage, les dents, coiffer, etc.) Bien laver et sécher les parties du corps et principalement les parties intimes (car elle souffre de mycoses). Une douche journalière si possible. 
Maya demande pour aller aux toilettes (c’est aussi parfois un jeu).";Elle est langée la nuit et le jour. Il faut changer le pampers après les repas et mettre une protection dans le pli de la hanche (matin, midi, soir) et la nuit avant de la positionner sur le dos pour la nuit. Maya peut dire si elle a besoin d’être changée;contrôler matin et soir les pieds, les chevilles et le siège. Si rougeurs : appliquer crème Vascosa;;;;
;1228924570;Aide totale : manger : couper fin - lui donner à manger cuillère+ fourchette normales. Doit manger proprement. En cas de toux : lui demander de baisser la tête pou qu'il ne mette pas de la nourriture partout. Il doit avoir les 2 mains sur la table.;;;;;verre à bec verseur : il le mord un peu mais il arrive à boire sans problème avec de l'aide;jus de fruits sans gaz ou sirop. Préfère le cacao le matin.;;;;107;0;0;2146188969;0;756.1168.7015.03;"IMC mixte 
athétosique / spastique";Handicap mental;Elevé;;Aide totale : douche : sur une chaise percée adaptée;Aide totale : N'est pas langé. Aux toilettes en principe après les repas - avec une chaise percée. Urinoir dans son sac  derrière la chaise pour les déplacements.;;;;;
;1228928441;couper fin et lui mettre l’assiette devant. Il mange seul, il faut réguler les quantités de nourriture;;;pas trop de féculents;fromage fondue;;;;;;107;0;0;2146189026;2146189026;087135;IMC;Diplégie spastique – retard mental – comportement autiste;;;Aide totale - entièrement dépendant;Yves va trois fois par jour aux WC;;;;;
;1228928949;;;;;;;;;;;0;0;0;0;0;;;;;;;;;;;;
;1241531093;;;;;;;;;;;0;0;0;0;0;;;;;;;;;;;;
;1264433332;Walter aime manger et il mange de tout. Il mange mixé ou coupé -haché menu;biscuits, chocolat, viande, moutarde;Attention à la prise de poids.;;;Il boit avec une paille;le matin : café dans une assiette avec une tartine (beure + confiture ou avec du fromage ou parfait). Boisson : Jus d'orange coupé à l'eau;;;;107;0;0;2146189029;2146189029;3631770;IMC;;Elevé;Aucune;Aide totale;il a une bouteille. Il est toujours langé.Transit sensible. Veiller à ce qu'il aille à selle tous les 3 jours.;au talon droit.protéger avec un protège talon.;;;;
;1264491950;;;;;;;;;;;0;0;0;0;0;;;;;;;;;;;;
;1270805862;Il faut l'aider à couper les aliments mais Ivan le fait gentiment seul;Il aime bien les biscuits. Matin : yoghurt ou kellogs sans lait;;pas de fromage à la main.;;Il boit au verre ou dans une tasse normale.;eau, sirop, thé froid;;;;2146189397;2146189703;2146189813;2146188974;2146188974;150000;IMC;Spasticité, hémiplégique surtout à gauche;Elevé;Non, Saignement de nez parfois abondant (de moins en moins de saignement). Si cela arrive serrer le nez entre l’os et les narines et mettre de la ouate. Rhume des foins.;aide nécessaire , Toilette mais Ivan donne un coup de main et il se lave les dents seul et on contrôle après.;;;;;;
;1298294561;Être attentif aux fausses routes. Pas de riz et des choses difficiles à passer (exemple: petits pois). Il a besoin d'aide pour manger.;;;;Riz;Il boit dans un gobelet adapté avec une paille.;;;;;2146189812;0;0;2146188972;2146188972;756.6326.36.28.79;IMC;Tétraplégie incomplète, le canal de la colonne vertébrale se bouche.;Elevé;Méfix;Simon a besoin d'une aide totale. Petite toilette au lit, habiller le bas, guidance pour le haut. Toilette au savon Purimed.;Simon urine dans une bouteille et a besoin d'aide pour aller à selle.Condom jour et nuit;;;;;
;1299487111;Servir de relativement petites quantités.;;;;Glace au coca cola;;;;;Coca cola;2146189074;0;0;2146188979;2146188979;01569 707-47-586;Spina Bifida;;;;à surveiller ou accompagner selon son désir;À sa demande;;;;;
;1306135154;il faut lui couper sa nourriture finement;Le matin Yasmine aime manger du pain (sans lait et sans beurre) avec de la confiture ou du miel (sans sucre) et margarine spécial et du lait de céréale. Elle aime les pâtes à la farine complète, légumes et riz;Selon ce qu’on peut manger (gastrite chronique, allergie au lait de vache et au soja);Les aliments très acides comme le vinaigre, les tomates, sucre blanc, citron;Tout ce qui contient du lait de vache et du soja. Elle peut boire du lait de céréales et des yaourts au lait de brebis;lui donner avec aide;Elle aime boire du jus de pomme avec de l'eau, de l’eau sans gaz et du thé.;;;;107;0;0;2146189023;2146189023;287-32-436;IMC;;Elevé;Yasmine est allergique aux produits qui contiennent du lait de vache ou du lait de soja. Faire attention à l’alimentation de Yasmine (risque de gastrite);aide complète;Yasmine n’a aucune autonomie, elle est langée jour et nuit. Quand elle a besoin d’aller aux toilettes, il lui arrive de poser sa main sur l’abdomen. Chaise percée importante.;;;;;
;1306411305;Couper les aliments, tour d'assiette, anti-glisse, bavette et parfois services spéciaux.;;;attention aux fausses routes;;Boit avec une paille, il faut la stimuler. Elle doit beaucoup boire (environ 2l). Elle doit toujours avoir des bouteilles avec elle.;;;Alexandrine n'aime pas l'eau, il faut donc la mélanger avec du sirop.;;2146189850;2146189014;0;2146188969;2146188982;244.91.05;Malformation d'Arnold Chiari;;Elevé;;Aide nécessaire pour la toilette du bas. Douche avec quelqu'un à coté. Alexandrine fait seule mais a besoin de surveillance;Il faut l'accompagner aux wc, elle a tendance à être constipée. Elle va aux toilettes avec des barres d'appuis.;;;;;
;1306825490;A285wwwwwwwwwwwwwwwwwwwwwwwwwwwwwwwwwwwwwwwwwwwwwwwwwwwwwwwwwwwwwwwwwwwwwwwwwwwwwwwwwwwwwwwwwwwwwwwwwwwwwwwwwwwwwwwwwwwwwwwwwwwwwwwwwwwwwwwwwwwwwwwwwwwwwwwwwwwwwwwwwwwwwwwwwwwwwwwwwwwwwwwwwwwwwwwwwwwwwwwwwwwwwwwwwwwwwwwwwwwwwwwwwwwwwwwwwwwwwwwwwwwwwwwwwwwwwwwwwwwwwwwwwwwwwwwwwwwwwwwwZ;A50wwwwwwwwwwwwwwwwwwwwwwwwwwwwwwwwwwwwwwwwwwwwwwZ;A50wwwwwwwwwwwwwwwwwwwwwwwwwwwwwwwwwwwwwwwwwwwwwwZ;A50wwwwwwwwwwwwwwwwwwwwwwwwwwwwwwwwwwwwwwwwwwwwwwZ;A150wwwwwwwwwwwwwwwwwwwwwwwwwwwwwwwwwwwwwwwwwwwwwwwwwwwwwwwwwwwwwwwwwwwwwwwwwwwwwwwwwwwwwwwwwwwwwwwwwwwwwwwwwwwwwwwwwwwwwwwwwwwwwwwwwwwwwwwwwwwwwwwwwZ;;;;;;0;0;0;0;0;;A50wwwwwwwwwwwwwwwwwwwwwwwwwwwwwwwwwwwwwwwwwwwwwwZ;A50wwwwwwwwwwwwwwwwwwwwwwwwwwwwwwwwwwwwwwwwwwwwwwZ;;A150wwwwwwwwwwwwwwwwwwwwwwwwwwwwwwwwwwwwwwwwwwwwwwwwwwwwwwwwwwwwwwwwwwwwwwwwwwwwwwwwwwwwwwwwwwwwwwwwwwwwwwwwwwwwwwwwwwwwwwwwwwwwwwwwwwwwwwwwwwwwwwwwwZ;A740wwwwwwwwwwwwwwwwwwwwwwwwwwwwwwwwwwwwwwwwwwwwwwwwwwwwwwwwwwwwwwwwwwwwwwwwwwwwwwwwwwwwwwwwwwwwwwwwwwwwwwwwwwwwwwwwwwwwwwwwwwwwwwwwwwwwwwwwwwwwwwwwwwwwwwwwwwwwwwwwwwwwwwwwwwwwwwwwwwwwwwwwwwwwwwwwwwwwwwwwwwwwwwwwwwwwwwwwwwwwwwwwwwwwwwwwwwwwwwwwwwwwwwwwwwwwwwwwwwwwwwwwwwwwwwwwwwwwwwwwwwwwwwwwwwwwwwwwwwwwwwwwwwwwwwwwwwwwwwwwwwwwwwwwwwwwwwwwwwwwwwwwwwwwwwwwwwwwwwwwwwwwwwwwwwwwwwwwwwwwwwwwwwwwwwwwwwwwwwwwwwwwwwwwwwwwwwwwwwwwwwwwwwwwwwwwwwwwwwwwwwwwwwwwwwwwwwwwwwwwwwwwwwwwwwwwwwwwwwwwwwwwwwwwwwwwwwwwwwwwwwwwwwwwwwwwwwwwwwwwwwwwwwwwwwwwwwwwwwwwwwwwwwwwwwwwwwwwwwwwwwwwwwwwwwwwwwwwwwwwwwwwwwwwwwwwwwwwwwwwwwwwwwwwwwwwwwwwwwwwwwwwwwwwwwwwwwwwwwwwwwwwwwwwwwwwwwwwwwwwwwwwwwwwwwwwwwwwwwwwwwwwwwwwwwwwwwwwwwwwwwwwwwwwwwwwwwwwwwwwwwwwwwwwwwwwwwwZ;A400wwwwwwwwwwwwwwwwwwwwwwwwwwwwwwwwwwwwwwwwwwwwwwwwwwwwwwwwwwwwwwwwwwwwwwwwwwwwwwwwwwwwwwwwwwwwwwwwwwwwwwwwwwwwwwwwwwwwwwwwwwwwwwwwwwwwwwwwwwwwwwwwwwwwwwwwwwwwwwwwwwwwwwwwwwwwwwwwwwwwwwwwwwwwwwwwwwwwwwwwwwwwwwwwwwwwwwwwwwwwwwwwwwwwwwwwwwwwwwwwwwwwwwwwwwwwwwwwwwwwwwwwwwwwwwwwwwwwwwwwwwwwwwwwwwwwwwwwwwwwwwwwwwwwwwwwwwwwwwwwwwwwwwwwwwwwwwwwwwwwwwwwwwwwwwwwwwwwwwwwwwwwwwwwwwwwwwwwwwwwwwwwwwwwwwwwwwwZ;A150wwwwwwwwwwwwwwwwwwwwwwwwwwwwwwwwwwwwwwwwwwwwwwwwwwwwwwwwwwwwwwwwwwwwwwwwwwwwwwwwwwwwwwwwwwwwwwwwwwwwwwwwwwwwwwwwwwwwwwwwwwwwwwwwwwwwwwwwwwwwwwwwwZ;;;;
;1307716338;Il faut lui couper la viande.;;;;;;;;;;0;0;0;0;0;;;;;;;;;;;;
;1309859639;;;;;;;;;;;0;0;0;0;0;;;;;;;;;;;;
;1315228613;;;;;;;;;;;0;0;0;0;0;;;;;;;;;;;;
;1318585409;;;;;;;;;;;0;0;0;0;0;;;;;;;;;;;;
;1349252291;Un kiwi ou un jus d'orange le matin serait idéal. Eau tiède tous les matins.;Julien aime quasiment tout, et sait ce qu'il aime ou quil n'aime.pas (lui poser la question). Il aime les bières, un café après les repas.;Julien prend toujours des pruneaux secs au déjeuner.;Lactose à surveiller;;Boire un verre d'eau chaude au reveil (bon pour le transit);Bière limonade;;lait;;2146188983;0;0;2146188985;2146188985;190 51 144;IMC;handicap mental et physique;Faible;Protéger Julien du soleil.;Il faut le surveiller pour être sur qu'il fasse sa toilette correctement. Si le siège de la douche est à sa hauteur Julien peut se débrouiller seul. Il a besoin d'aide pour se laver le dos.;Autonome. Vérifier qu'il aille à selle si possible chaque deux jours, au plus trois. Il note sur son carnet lorsqu'il va à selle.;À contrôler quand il va à la douche.;;;;
;1457402239;aider à couper la viande, pizza et aliments durs, éviter qu'elle ne mange trop le soir car risques de cauchemars;;rien;;rien;Elle ne boit jamais assez;;;;;107;2146189081;0;0;2146189082;272-41-491;retard de développement général;crises, convulsions;;non;s’infecte facilement les doigts, à contrôler : s’essuie mal le derrière, doit bien brosser ses dents;elle n’a besoin d’aucune aide;;;;;
;1493190852;;;;;;;;;;;0;0;0;0;0;;;;;;;;;;;;
;1540756715;Autonome : mange seule;Aime tout.Attention avec ce qui donne de l'acidité gastrique (tomate,orange);Rationner les féculents et la quantité de nourriture.;-;-;Autonome : Boire : au moins 1 verre d'eau à chaque repas - et en général doit beaucoup boire. A stimuler.;coca zéro, vin..;Elle doit beaucoup boire (1 bouteille d'eau entre les repas);-;-;2146189812;0;0;2146188976;2146188976;192 89 747;Spina Bifina;Handicap mental léger et troubles moteurs;Moyen;Soleil : à protéger (chapeau - crème) - Peau très fragile et sujette aux escarres;Autonome pour la toilette - Fait sa toilette sur sa chaise percée -  Elle se lave le visage avec de l'eau. L'aider à la douche et faire les soins. Infirmiers. L'aider a mettre ses bas de contention Bépanthène si sein douloureux;A une poche pour uriner. Lui faire le grand changement de poche (complet) le lundi et quand nécessaire. Changer la poche le mercredi et vendredi matin pour limiter les odeurs. Elle élimine ses selles manuellement tous les matins (elle utilise un gant chirurgical et de la vaseline);Coussin anti-escarres tjs posé sur sa chaise - fer. Massage de la fesse gauche avec anti-dry;;;;
;1639681950;;;;;;;;;;;0;0;0;0;0;;;;;;;;;;;;
;1674789794;aider à couper.;;;;;Il boit tout seul avec un verre étroit ou une paille.;;;;;0;2146189738;0;2146188974;2146188974;;IMC;troubles moteurs;;;La matinée, lui mettre l’attèle pour le bras droit. À besoin d’une personne pour le laver, aller au WC. Pierre aide selon ses capacités.;Pierre n’est plus langé. Lui demander s’il a besoin. Il peut aussi demander s’il veut aller sur les toilettes.;;;;;
;1700385237;;;;;;;;;;;0;0;0;0;0;;;;;;;;;;;;
;1730687754;Il faut l'aider à couper. Lionel mange seul. Si aliment trop liquide (pudding,…), l'aider;;;;;boit seul avec une paille;;;;;2146189001;2146189663;0;2146189003;2146189003;010917043;Maladie neuromusculaire;Troubles moteurs;Elevé;Protéger Lionel du soleil avec un chapeau et de la crème.;Il a besoin d'aide pour sa toilette ainsi que la douche.;Lionel est autonome. Il faut l'aider à se mettre sur les toilettes lorsqu'il va à selle, sinon juste lui sortir la bouteille lorsqu'il veut uriner. L'aider pour le transfert.;Prévention des escarres.;;;;
;1844045075;boit dans un verre avec la paille dans un plot, cuillère coudée, assiette avec bord plastique, + antiglisse. Couper petit les aliments.Elle mange de la main droite: dans sa chaise sur la tablette;Le matin jus de pomme ou orange ou autre jus de fruit. Elle aime le café et le thé. Elle mange de tout lorsqu’elle a faim. Elle adore les tartes aux pommes et les pâtes aux tomates.;;;;;Café au lait;;;;2146189786;0;0;2146189275;0;;IMC;petit problème de vue;;aucune;Elle prend la douche avec l’aide d’une chaise percée ou fait une toilette complète au lit. Lui laver les cheveux le mardi, vendredi et dimanche.;langée nuit et jour, fait sur la chaise percée au lever lors de son jour de douche, le matin et à midi. Elle ne s'exprime pas lorsqu'elle a mal, être attentif et lui poser la question;prévention normal. Rougeurs aux fesses, bien hydrater;;;;
;1855965489;Attention fausse route. Manger : couper en morceaux - lui donner à manger. Diriger la cuillère/fourchette plutôt sur la mâchoire gauche pour l'encourager à mastiquer. Aller lentement. A une digerstion lente, lui laisser le temps de digérer le soir avant d'aller se coucher.;-;-;;pas de champignons, riz et semoule;Cédric doit boire ses 2 gourdes/jours. Lui donner 3 gorgée sinon tousse. Il peut boire de l'alcool (avec modération bien sûr). Paille interdite;eau gazeuse - Bière - Vin - Wiskey;-;eau plate risque de fausse route;-;2146189423;0;0;2146188969;2146188969;701482-PH;IMC;Porteur de lunette;Elevé;Pénicilline, Cephalosoprine, Bactrim, Tavanic, Flagyl, Norfloxacine, Norflex, chat, chien, cheval,arbre, pollen.;Tiges de Harrington dans le dos (son dos ne se plie pas) - Doit faire des exercices respiratoires (aérosol, spiromètre, bulles - voir avec lui pour les dosages) - Donner les médicaments sur une cuillère de yogurth et donner après le yogurth;Cédric est continent des selles,il peut avoir besoin d'un Microlast à mettre sur une chaisse percée. Porteur d'une sondes sus-pubien. Uriflac nuit à accrocher à celui du jour.Crème Mycolog si problème prépuce;A sa demande faire 1 à 2 changements de position dans la journée. Avec la chaise, il ne fait pas tous les jours.;;;;
;1884143596;;;;;;;;;;;0;0;0;0;0;;;;;;;;;;;;
;1925632802;;;;;;;;;;;0;0;0;0;0;;;;;;;;;;;;
;1958467881;Aider à couper. Il mange seul;;De préférence 1 service à midi et le soir et lui donner avec modération un goûter.;Il n’aime pas les brocolis et les choux de Bruxelles.;;boit seul;thé aux fruits, bière (avec modération);;pas trop de boissons sucrées ou coupé avec de l’eau.;;2146189787;2146189114;0;2146188974;2146188974;010 300;IMC des membres inférieurs;Troubles moteurs membres inférieurs. Jérémy doit garder les lunettes du matin au soir, sauf pour des activités spéciales (piscine…). Aide à nettoyer les lunettes, il dit quand il veut mettre ses lunettes selon les activités;;Le protéger du soleil (crème et chapeau);Il a besoin d’aide pour le brossage des dents. ATTENTION : Jérémy a une pompe à baclofen située dans l'abdomen et reliée directement à la moelle épinière. Il faut donc avertir directement les parents s'il lui arrive de tomber très fort !!!!!!!! Aide au rasage 1 jour sur 2.;Il demande lui-même, mais il faut l’aider à aller aux toilettes. Il va assis sur les WC. Il faut lui dire d’aller aux WC avant de partir à une activité, promenade ou autre et avant d’aller au lit.;-;;;;
;1985796047;"A besoin d'aide pour couper les aliments.
Il peut gouter de tout.S'il n'aime pas il peut le dire et laisser";;;Salade;;;;;;;1309859639;0;0;2146189275;0;01479;Imc;;;Eczémas.Il a parfois des douleurs au Trijumeau.;Il à besoin d'aide pour s'habiller.Parfois il arrive à mettre son t-Shirt et sa jaquette tout seul.Il à besoin d'aide pour se laver les dents.;Valentin à besoin d'aide pour aller aux toilettes,mais il peut se tenir debout.;;;;;
;1996993420;;;;;;;;;;;0;0;0;0;0;;;;;;;;;;;;
;2000044555;besoin d'aide mais il s'entraîne à manger avec la fourchette. Il faut lui guider le bras et lui couper sa nourriture. Il mange de tout;matin : tartine au miel, à la confiture ou au coin.;;;;boit avec une paille;;;Trop de lait de vache, il n'a pas l'habitude.;;107;0;0;2146189023;2146189023;261-63-944;IMC;Yannic  peut faire des crises d’épilepsie (rarement). Le spray nasal se trouve dans une boîte dans son sac, attaché à la chaise roulante.;Elevé;;aide complète;Yannic a une certaine autonomie. Hors de la maison, il faut mettre des protections. Quand il a besoin d’aller aux toilettes, il le montre en appuyant sa main sur l’abdomen. Toilettes adaptées importantes. Un rehausseur à mettre sur la lunette du siège !;;;;;
;2080662280;Mégane mange seule. De préférence dans une assiette à soupe pour éviter que les aliments sortent de l’assiette. Il faut lui couper la nourriture assez finement car parfois, elle a de la peine à déglutir. En principe, elle mange de tout.;;;;;"Mégane boit peut. Il faut lui proposer à boire régulièrement lors des 
repas, des pauses, etc… boit dans un verre normal.";;;;;2146189772;2146189739;0;2146188974;2146188982;097 051;IMC;Mégane a parfois des absences liées à une épilepsie. Cela se remarque sur le côté gauche du corps par un clignement de l’œil, une raideur du bras.Un moyen pour aider Mégane à passer cette phase est de lui prendre le bras gauche et le masser. + spray nasal;Moyen;non, à protéger du soleil.;Aide pour toilette ou douche. Bien sécher plis l'aine et entre les orteils au foën sinon rougeur et mycose;Mégane est propre. Elle sait quand il faut aller aux toilettes, mais vu son manque de motricité, il est préférable de l'aider pour l'habillement et pour s'essuyer.;Mégane bouge assez, mais il faut rester attentif aux escarres.;;;;
;2088593679;"Aide totale
Manger : mixé, lisse";déjeuner: joghurt, céréal, bircher;;;Biscuits secs, bonbons, aliments durs;Il boit avec une paille;café/thé sans sucre;;;;0;0;0;0;0;;IMC;Handicap mental, épilepsie, troubles moteurs;Elevé;Rhume des foins - yeux très sensibles : lunettes de soleil nécessaires;Aide totale, il détestequand il y a trop de monde, de passage lorsqu'il prend la douche.;Lange - Urine dans la bouteille : matin - midi et soir - Selles : Suppositoires : chaque 2 matins;;;;;
;2105684264;;;;;;;;;;;0;0;0;0;0;;;;;;;;;;;;
;2146188983;;;;;;;;;;;0;0;0;0;0;;;;;;;;;;;;
;2146189030;;;;;;;;;;;0;0;0;0;0;;;;;;;;;;;;
;2146189066;Elle ne mange pas beaucoup;Pâtes, viande;;;;;;;;;0;0;0;0;0;;Autiste;;Faible;;Avec de l'aide;;;;;;
;2146189075;;;;;;;;;;;0;0;0;0;0;;;;;;;;;;;;
;2146189086;;;;;;;;;;;0;0;0;0;0;;;;;;;;;;;;
;2146189102;;;;;;;;;;;0;0;0;0;0;;;;;;;;;;;;
;2146189111;Les repas sont préparés d'avance dans des pots. Il faut lui donner à manger à la cuillère et lui proposer régulièrement de boire.;En dessert, lui donner un petit suisse ou un yaourt;;;Ne pas donner de la banane;Dans un biberon. Tétine sur le no 2;Eau ou jus de fruit;;;;2146189112;0;0;2146189005;0;734-75-969;Holoprosencephalie semi-lobaire (fusion des hémisphères cérébraux à l'avant du cerveau);Son handicap provoque une irrégularité du tonus musculaire (jambe et bras = tonus élevé et tranc. Tonus très faible. Attention, bien tenir sa tête.;Moyen;pas d'allergie. être attentif qu'il ne se morde pas les doigts il peut se mordre très fort.;besoin d'une aide complète;Changement de couches;;;;;
;2146189118;Lui couper fin. Totalement dépendant;;;Alcool 2 verres mais pas plus.;;Totalement dépendant;;;;;2146189119;0;0;2146189120;2146189120;2025804;AVC le 31.08.2007;Tétraparésie spastique;Elevé;Allergique à la framboise et au soleil (attention lui mettre de l'écran total et des chemises à longues manches).ALLERGIE AU MéDICAMENT. BACTRIM-NOPIL-TEMESTA.;Toilette complète au lit et hydratation de la peau avec excipial;Sonde urinaire. Transit ralenti, lui faire un lavement au 4ème jour sans selle;Fauteuil roulant avec coussin anti-escarres;;;;
;2146189129;;;;;;;;;;;0;0;0;0;0;;;;;;;;;;;;
;2146189159;"normal, équilibré, surveiller la quantité, en petites portions.
Aider à couper la viande";;aucun;rien;aucun;regarder qu'elle boive assez;;;;;2146189197;0;0;2146188981;0;;trisomie 21;syndrome autistes;Moyen;;"Toilette: contrôler (hygiène + brossage des dents). Préparer ses habits, l'aider si elle ""rêve"" trop, l'aider si elle n'y arrive pas toute seule (par ex: attacher son soutien-gorge, boutons difficiles, pulls à l'envers)";qu'elle soit propre, hygiène + laver les mains;;;;;
;2146189167;;;;;;;;;;;2146189169;0;0;2146189082;0;;;;;;;;;;;;
;2146189179;Il est autonome il a juste besoin d'une petite aide pour couper les aliments coriaces.;;;Il n'aime pas les épinards en branche;;Il est autonome, il parle;;Ne boit plus;;alcool;2146189227;0;0;2146188975;0;712-73-764;TCC sévère survenu en 1979. Exision d'un Carcinome Nasal. Porte une épithèse nasale. (voir fiche annexe);Suite au TCC : Hémi-syndrôme spastique droit, epilepsie post-traumatique, troubles du comportement avec hétéro-agressivité (jamais observé au foyer), troubles cognitifs;Moyen;;Autonome pour la toilette au lavabo. Sous la douche il faut l'aider pour le dos et les fessiers.;Autonome. Lui rappeler de temps en temps d'aller aux toilettes sinon risque d'accident.;Actuellement, J-C porte une épithèse nasale fixe aimantée -> à enlever la nuit. A rincer sous l'eau avec du savon;;;;
;2146189191;il mange avec un bord d'assiette. Lui couper ses aliments. (pour les sandwich, il devrait pouvoir se débrouiller seul, éventuellement lui donner un coup de main pour la fin);;aucun;rien;rien;;;;;;2146188977;0;0;2146188984;0;10915537;Sclérose en plaque;non;Elevé;non;;Paul a une sonde sus-pubienne. Il faut donc lui vider sa poche si nécessaire;;;;;
;2146189203;Autonome;;Conseillé : petit déjeuner :  1 café, 2 tartine de confiture light. Midi et soir : Une assiette sans excés;;;Autonome;;tendance à redemander. Limiter les boissons sucrées;Alcool. Il peut boire de la bière sans alcool.;;0;0;0;2146189004;0;030-386-Li;Eric a des troubles de la mémoire. Il a besoin de stimulis pour faire les choses (activités, soins quotidiens, etc…). Troubles alimentaires à cadrer selon régime.;;Moyen;;Autonome, besoins de stimulations;Autonome;;;;;
;2146189217;;;;;;;;;;;0;0;0;0;0;;;;;;;;;;;;
;2146189218;autonome, l'aider à couper les aliments dures.;;;;;autonome;;;;;2146189227;2146189014;0;2146189275;0;380558;dysarthrie sévère : production verbale ralentie. Comprend tout mais à de la difficutlé à s'exprimer. Spasme.;;Faible;;autonome;autonome;;;;;
;2146189219;;;;;;;;;;;0;0;0;0;0;;;;;;;;;;;;
;2146189224;aide verbale + couper la viande;;Non;Non;Non;;;;;;0;0;0;0;0;;retard de développement général;-;;-;Aide à ouvrir le pantalon et refermer après. Aide à l'habillement.;-;;;;;
;2146189226;Tendance à trop manger ou très peu par période (avec vomissement). Besoin d'aide pour couper. Elle utilise un couteau spécial, un cerceau pour assiette, un anti-glisse et une bavette.;;Attention: prise de poid;;;;;;;;2146189227;0;0;2146188974;0;047795-SI;AVC avec hémiplégie gauche;HTA (hypertension artérielle);Elevé;;Besoin d'aide. Effectue la toilette du haut à moitié. Pour la toilette intime, aide pour le siège.;Besoin de protection de type Pants la journée et Tena pour la nuit. Demande pour uriner sur WC et le vase la nuit. Répondre à ces demandes impérieuses d'uriner rapidement.;;;;;
;2146189272;;;;;;;;;;;0;0;0;0;0;;;;;;;;;;;;
;2146189287;;;pas trop gras ni trop salé;viande crue (mais en petite quantité). N'aime pas les œufs.;tartare, pamplemousse;ELLE BOIT 2L et 1/2 PAR JOUR. 5x 5dl bouteille Pet pour qu'elle sache où elle en est…;;;;;107;0;0;2146188984;0;020052663;retard mental léger;greffée rénale en sept. 2011 - très lente;Moyen;;autonome;autonome;;;;;
;2146189295;aliments pas trop durs et coupés en petits morceaux.;;;;;;;lait sans lactose / pas un régime stricte sans lactose seulement le lait, autrement peut tout manger;;;2146189112;0;0;2146188969;0;756.9376.7450.98;Maladie des os de verre - Ne pas aller aux urgences sans les parents, même en cas de fracture !;aucun;Elevé;aucune;surveillance : prévention des accidents. Coups ou chute = fracture. Toujours faire attention pour éviter les fractures. Si Nathan reçoit un coup d'une moyenne intensité, pour lui cela répresente une fracture. Donc la prévention est obligatoire. Malgré tout parfois les accidents arrivent et à ce moment là il ne faut pas chercher des coupables car c'est sa maladie.;autonome, avec quelques accidents;;;;;
;2146189297;;;;;;;;;;;0;0;0;0;0;;;;;;;;;;;;
;2146189312;;;;;;;;;;;0;0;0;0;0;;;;;;;;;;;;
;2146189323;couper en petit morceau;les pâtes;-;Léo n'aime pas trop la viande surtout si elle est dur.;-;uniquement avec son biberon;Cacao, jus de fruits, jus de pomme, sirop (tiède);;Léo n'aime pas le thé froid.;;107;0;0;2146188969;0;17874;Imc;Attention , quelques fois , léo fait des absences.;Elevé;;Léo prend sa douche sur une chaise percée il prend volontiers le pommeau de douche et s'amuse à boire l'eau c'est du plaisir.;ll est langé, va à selles seul et régulièrement.;;;;;
;2146189330;Il faut lui couper la nourriture. Si elle n’est pas fatiguée elle arrive à manger avec une cuillère ou une fourchette (main gauche) toute seule. Si elle est fatiguée, elle arrive à se faire comprendre qu’elle a besoin d’aide.;;;Fruits acides;;;Uniquement de l'eau plate;;;;0;0;0;2146188974;0;5215711;IMC;Hydrocéphalie. Paralysie côté droit + jambe gauche.;Elevé;;Avec aide complète;Protection (lange);;;;;
;2146189333;ne prend rien par la bouche un peu de lait à la pipette. Mais pas nécessaire. Nourriture entéral. Nourriture en continue. Débit de 70 ml à l'heure. Env 1300 à1400 ml/jour. Pour un saschet de 500ml de nutissi standard, ajouter 100ml d'eau;;;;;;;;;;0;0;0;0;0;;IMC;;Elevé;elle fait parfois de la fièvre. Si c'est le cas algifor en 2 fois.3 ml une fois puis 30 min plus tard à nouveau 3 ml. Crise de dystonie du au stress ou à la douleur. Se mord fort bouche ou langue. Dans ce cas il faut la maintenir et lui donner de l'arnica;elle a tendance à bavé beaucoup. Changer parfois 3 à 4 fois par jour le pull;langer;;;;;
;2146189335;Il mange tout seul, mais il a besoin d'aide pour découper les aliments.;;;;;;;;;;107;0;0;2146189019;0;997.10.14.015;Dyshophie musculaire évolutive;Myopathie des ceintures;Elevé;non;avec aide;avec aide pour s'installer aux toilettes;;;;;
;2146189337;Lui retirer le natel pendant les repas et lui mettre l'anti-glisse.;;aucun;Alimentation grasse et sucrée;;;;;;Café après 16h00;2146189227;0;0;2146189339;2146188982;756.6614.3411.66;Rupture d'anévrisme avec hémiplégie gauche;épilepsie;Elevé;aucune;Aide partielle pour le fessier et le bras valide, avec guidance pour le reste. Douche tous les jours. Alèse pour la nuit.;Utilise l'urinal la nuit. 4 demande au toilettes qu'il gère.;;;;;
;2146189343;Il peut manger seul avec la main gauche, mais toujours être à coté. En cas de fausse route, bien le pencher en avant et lui taper dans le dos. Si ça continue, faire la méthode heimlich.;;Haché et coupé fin et accompagné d'une sauce pour faciliter la déglutition.;Ce qui contient des fils et/ou des graines;Ce qui peut causer des fausses routes (cacahuètes, chips, etc.);Peut boire seul, avec la main gauche.;;A le droit à un verre de vin pendant le repas du midi et un pendant le repas du soir. Lorsqu'il sort boire un verre, il aime bien prendre un galopin;;;2146189227;0;0;2146189004;2146189004;2968099;TTC sévère en 2008;Amputation des extrémités des doigts de la main droite, maladie de Bechterew (maladie rhumatismale chronique, douloureuse et incurable.;;;Aide totale pour la toilette. Toilette complète au lit ou lavabo. Il préfère la douche.;Continent pour les selles (demande pour aller). Incontinence pour les urines. Il porte une protection jour et nuit mais demande quand-même pour aller au toilette.;;;;;
;2146189362;"Il faut essayer de stimuler Florent au quotidien pour l'alimentation, langage, motricité.
Aide pour manger et pour boire.";;;Gluten + lactose;;;;;;;2146189384;0;0;2146189082;0;799-46-756;Trisomie 21;Retard de développement général. Malformation cardiaque;;;Il porte une protection;;;;;;
;2146189369;à contrôler pour qu'elle ne mange pas trop;;sans sucre et sans graisse;;contrôler la nourriture pour pas qu'elle ne mange trop;sans sucre;;;;;0;0;0;0;0;;Syndrome de prader-Willli avec déficiance intélectuel;hypotonie musculaire, trouble du comportement alimentaire;Moyen;;;;;;;;
;2146189370;nécessite un accompagnement.;mange volontiers de tout;-;-;-;;eau et sirop menthe/ Jus de fruit le matin (clémentine/ fruit rouge);-;-;-;226884306;0;0;2146188991;0;01529;;;Elevé;;la mettre sur une chaise percée ou debout avec soutien.;elle peut aller aux toilettes en étant accompagnée. Elle n'est plus langée, lui rappeler souvent  si elle a besoin d'aller aux toilettes.  Insister et surveiller pour les selles;;;;;
;2146189374;;;;;;;;;;;0;0;0;0;0;;;;;;;;;;;;
;2146189377;;;;;;;;;;;0;0;0;0;0;;;;;;;;;;;;
;2146189380;"Il faut mettre un cadre pour ne pas se disputer avec son frère et sœur.
A l'extérieur il sait bien se comporter";;Sans gluten;;;;;;;;0;0;0;2146189003;0;;Asperger. Autisme;Retard de développement général.;;Gluten;;;;;;;
;2146189381;;;;;;;;;;;0;0;0;0;0;;;;;;;;;;;;
;2146189410;;;;;;;;;;;0;0;0;0;0;;;;;;;;;;;;
;2146189420;Ne mange pas seul. Surveillance.;;;;;;;;;;1309859639;0;0;0;0;;Le soir peut faire des grosses crises et s'auto-mutiler ou mordre d'autres personnes (adultes ou enfants);Autisme;Moyen;;;Langé;;;;;
;2146189445;;;;;;;;;;;0;0;0;0;0;;;;;;;;;;;;
;2146189450;normal il se débrouille seul pour manger;;;;;;;;;;0;0;0;0;0;;Distophie musculaire;;Faible;;il peut faire sa douche et sa toilette seul;va seul;;;;;
;2146189461;################;;;cacahuète et noisette;;;;;;;0;0;0;0;0;;trisomie 21;;Moyen;;avec aide;################;;;;;
;2146189463;avec aide (couper);mange de tout. Gros faible pour les désserts;pas de régime particulier;Gazeuse;;se débrouille seul si verser dans le verre;thé froid et eau plate et 1/2 verre de vin aux repas. Bière limonade.;;;;2146189464;2146189497;0;2146189025;2146188982;;Hémiparésie côté droit;Yeux sensibles.lui mettre les lunettes de soleil dans son sac derrière la chaise roulante-Appliquer gouttes si nécessaire;Elevé;;"Pour le pied droit: le stimuler en maintenant la cheville par-dessous avec la main gauche et le tenir avec la main droit et faire aller la cheville en avant et en arrière pour la circulation sanguine. Ce pied doit porter des bas de contention et porter un atèle pour le maintien de sa cheville (lanière intérieur par trop serré et la lanière extérieur c'est pour le maintien). Attention de ne pas faire de plis. 
Il a besoin qu'on lui fasse la toilette soit sur une chaise percée pour la douche, soit une toilette au lit.Douche tous les jours.";il a une poche urinaire avec un condom. Pour les selles, il faut le mettre sur les toilette à sa demande. La nuit, il a un condom urinaire avec un slip adapté à usage unique. La journée il a des protections de taille L.;être attentif.;;;;
;2146189466;Péniel mange dans une assiette en plastique avec un antiglisse placé dessous. Il manque de petites quantités qui sont servies et coupées par l'adulte. Il mâche très bien les aliments et mange lentement. Son appétit varie en fonction des aliments qu'on lui présente. Lui donner le repas en guidance. Il peut manger assis sur une chaise, mais l'attacher avec une écharpe ou une ceinture pour éviter qu'il tombe et se blesse.;Pommes de terre, viande hachée, poulet, pizza, tortellinis,;;;;Péniel boit dans un verre. Si l'on remarque que durant la journée, il n'a pas suffisamment mangé, lui donner un biberon de lait froid avec du sirop après le souper.;Au déjeuner, il aime le jus de pomme ou le cacao. Il aime le sirop;;;;2146189468;0;0;0;0;;;autisme;Moyen;pas à ce jour;Essayer de lui faire les soins en guidance. Pour le brossage de dents,  Péniel est debout et se laisse brosser les dents par des moments variables.;il est langé jour et nuit. Après chaque change, le placer sur les toilettes quelques minutes afin qu'il puisse faire pipi;;;;;
;2146189469;de tout mais couper en petit morceaux. Le soir le faire manger à 18h30 pour qu'il puisse digérer avant le coucher;;disoocié pour éviter la prise de poids;poison faire très attention avec les arêtes;sucreries non;eau, tisanes;;pas qu'il ne mange trop. Une assiette normal suffi.;tout ce qui est sucré;;0;0;0;0;0;;trisomie 21;il a une santé fragil. Il transpire facilement. Il faud donc être attentif à le lui changer les habits sous risque de bronchite.une fois par semaine il suis la physiothérapie, car il a une scoliaose.il faut l'accompagner. Ensuite le laiser seul evenir 45;Elevé;;il est langer et vérifier régulièrement si il faut le changer. Risque de mycose dans les parties génitales. Donc être attentif pour bien les sécher. Le changer avant d'aller dormir le soir;langer et contrôler souvent et changer avant d'aller coucher le soir.;;;;;
;2146189471;Alfonso mange de tout en petite quantité. Il est autonomne, mais mange rapidement. Attention il à tendanve à donner sa nourriture au chien.;;;;;Autonome;Eau;;Thé froid & Boissons sucrées;;2146189548;0;0;2146189275;0;756.6086.8574.62;Autisme;;;Aucune allergie.;Alfonso est autonomne.mais avec surveillance. (Attention,il ne gère pas la tempétature de l'eau);Alfonso est autonomne , mais il faut lui rappeler de se laver les mains.;;;;;
;2146189475;Difficultés pour manger certains aliments (joue ou lance la nourriture s'il est agité);les choses sucrées;;;;;;;;;2146189468;0;0;0;0;;autisme;;Moyen;pas à ce jour;Peniel est langé jour et nuit. Lors des moments de change, il est capable de faire pipi sur les toilettes avec un réducteur.;;;;;;
;2146189476;;;;;;;;;;;0;0;0;0;0;;Syndrômepotocki-shaffer (maladie génétique rare);retard mental, retard psychomoteur global;Moyen;;;elle est langer en permanance;;;;;
;2146189477;"Noelie a besoin d'aide pour boire et manger. Elle a besoin d'être constament surveillée car elle met tout à la bouche et elle n'a pas conscience es dangers.
Elle est très sensible aux bruits et aux sons. Elle a très vite peur lorsqu'il y a trop de bruits forts ou trop de monde, etc. 
Elle ne joue que très peu seul.";;;;;;;;;;0;0;0;0;0;;Syndrôme Potocki-shaffer (maladie rare);Retard mental / Retard psychomoteur Global;Moyen;;;;;;;;
;2146189478;lui couper les aliments et l'encourager à utiliser les services et veiller à la propreter;;;;;;;;sucre;;107;0;0;0;0;;;;;;;;;;;;
;2146189479;;;;;;;;;;;0;0;0;0;0;;;;;;;;;;;;
;2146189481;;;;;;;;;;;0;0;0;0;0;;;;;;;;;;;;
;2146189492;;;;;;;;;;;0;0;0;0;0;;;;;;;;;;;;
;2146189494;Autonome mais il ne faut pas le laisser manger devant la télé.Bien lui laisser du temps pour manger 20 à 25 minutes.;Lasagne;;Chocolat et attention au mets trop sucrés.;;Autonome mais il faut lui rappeler de boire chaque deux heures environ. Il ne faut pas lui donner à boire durant le repas sinon il ne mange rien, lui donner après qu'il ait fini de manger;Il boit généralement de l'eau. Lors du goûter, il boit du jus ou du lait selon son désir.;;Le Coca et les boissons sucrées.;;2146189536;0;0;2146188974;0;283 997;Paralysie cérébral congénitales ) OIC 390);Trouble de la motricité fine & Hyper-Activité.;Moyen;;Autonome;Autonome. Lui rappeler de bien se nettoyer s'il est pressé et de se laver les mains.;;;;;
;2146189495;;;;;;;;;;;107;0;0;2146188991;0;177-58-081;;;Elevé;;;;;;;;
;2146189498;;;;;;;;;;;0;0;0;0;0;;;;;;;;;;;;
;2146189502;"mixée
Jean-Guy mange seul avec une cuillère à dessert, son assiette est surélevée sur un plot en bois et il utilise aussi un bord d'assiette.  il faut l'inciter à faire des pauses afin de limiter les fausses-routes.";;il apprécie les grosses portions/ l'encourager à manger calmement;;;Poudre à épaissir à mettre pour boire, 1 cuillère par verre. Il boit seul, il faut l'inciter à faire des pauses afin de limiter les fausses-routes.;;;;;0;0;0;0;0;;;Retard mental grave avec syndrome autistique et trouble du comportement;Elevé;Jean-Guy est allergique à la pénicilline;Jean-Guy est incontinent;;;;;;
;2146189504;;;;pas de viande rouge et peu de porc;pas de sucrerie ou chocolat hors anniversaire. Pas de biscuits ni dessert. Sauf yoghourts ou fruit;;;;Boisson Gazeuze;;0;0;0;0;0;;opéré du cœur à 7 mois = traitement préventif ne cas d'opération;;Faible;;l'accompagner pour tout les actes de la vie en général;la nuit elle est langée et le jour pas. Il faut l'amener au toilette régulièrement.;;;;;
;2146189510;;;;;;;;;;;0;0;0;0;0;;;;;;;;;;;;
;2146189512;Il mange mixé. Lui donner à manger avec une cuillère à café et redresser sa chaise.;Il adore la soupe;;Tout ce qui est piquant.;;Boit dans un biberon;Il aime le sirop avec de l'eau tiède, le cacao tiède ou le lait tiède avec du miel.;;;;107;2152;0;2146188985;0;88015529;IMC;Retard mental;;;douche sur le lit douche. Yahor aime bien être baigné. Aide totale.;Yahor est langé jour et nuit! Nous pouvons essayer de le mettre sur la chaise percée si elle est adaptée pour lui.;;;;;
;2146189529;"Alycia est alimentée par sonde. 150 ml de frébini 300m/h avec la pompe. (peg) matin, midi et soir avec la pompe et le sachet alimentaire. Donner de l'eau 3x/jours 150ml
Prend environs 30 min pour le repas trois fois limentation avec les sachet pour la boisson. On peut l'alimenter durant les transports ou en déplacement sur la chaise.";Léanne aime bien manger à la cuillère de la compote et des petits gervais.;;;;;;;;;226884306;0;0;2146189019;0;012.08.19.501.4;Polyhandicap;;;;;Changement de pampers 3x/j;;;;;
;2146189539;"Il est autonome. 
A surveiller les aliments à cause de son poids.";;;;;;;;;;107;0;0;2146188985;0;189-12-371;Pied Bot, Handicap mental.;;;Non;Il est autonome, mais il faut contrôler en cas de selles;;;;;;
;2146189541;Autonomie pour les repas : assiette avec collerette, il porte à la bouche les aliments déjà coupés. S'il n'arrive pas seul, il faut l'aider.;Toujours lui demander ce qu'il souhaite;;Alimentation trop riche en graisse, mais peut se permettre des écarts;Raclette 2x au maximum;;;;;;2146189812;0;0;2146189010;0;0882 457;TCC (traumatisme crânien);Epilepsie;Elevé;;Protection Tena confort tous les jours + condom (jour et nuit). Jour du supp. mettre une grande protection.;Ne tient pas seul sur les WC, mettre sur chaise-percée. Attention, il peut faire des malaises sur les WC. Prendre TA - allonger - surélever les membres inférieurs.;"Pansement de protection sur la cheville externe droite (Mépitex border) car il a un mouvement continu de frottement dans le lit et ""brûle"" cet endroit";;;;
;2146189543;;;;;;;;;;;0;0;0;0;0;;;;;;;;;;;;
;2146189547;;Poulet, pâtes, frites, sauces,.. Mange de tout;;;;;coca. Thé froid,..;;N'aime pas l'eau. Apprécie peu l'alcool;;968;0;0;2146189005;2146189005;326-02-423;difficultés d'apprentissage;difficultés de contacts;Moyen;;;vérifier la propreté après le passage aux toilettes.;;;;;
;2146189550;;;;;;;;;;;2146189557;0;0;2146188985;0;158.74.078;;;;;Besoin d'aide;Elle a une sonde;;;;;
;2146189552;En cas d'uregence appeler au 027 327 29 12 Couper les aliments de trop grosses tailles.;;-;;;;;;;;0;0;0;2146188974;0;1947451;IMC;;;;;;;;;;
;2146189556;;;;;;;;;;;0;0;0;0;0;;;;;;;;;;;;
;2146189573;;;;;;;;;;;0;0;0;0;0;;;;;;;;;;;;
;2146189577;Autonome;Justine apprécie tout;Surveiller un peu car tendance à trop manger;Alimentation trop grasse;;Autonome mais privilégier l'eau gazeuse.;;;;;2146189536;0;0;2146189004;0;;Trisomie 21;;Moyen;;Contrôler qu'elle le fasse correctement;Rien de particulier, relativement autonome;;;;;
;2146189579;Mange très lentement. Sépare les aliments. Il ne mange pas très chaud. Il commence à manger ce qu'il aime pas et fini par ce qu'il aime. Mange peu mais souvent.;;;;;;;;;;2146189868;0;0;2146188976;0;;;Troubles autistiques, maux de tête (dafalgan).;;;;Se retient beaucoup avant d'aller à selles lors d'activités de longue durée. Il s'oublie et il perd sa continence si un adulte ne lui demande pour d'aller au WC.;;;;;
;2146189582;;;;;;;;;;;2146188990;0;0;0;0;;;;;;;;;;;;
;2146189599;;;;;;;;;;;0;0;0;2146189275;0;01479;Tétrasomie 18p Maladie génétique rare;Hypotonie importante - reflux;;Bronchite chroniques en cours de traitement;;;;;;;
;2146189610;Il mange de tout.ne réclame jamais une 2 ème fois.Noé est gaucher, mange avec un bord d'assiette, bien coupé fin;;;lait,riz(constipation);;il boit de tout et seul;;;;;2146188990;0;0;2146189005;0;756.3554.0411.63;Imc;Troubles auditifs:nécessiste de lui parler en face et distinctement.Trouble de la vision:ne voit pas les reliefs et évalue mal les distances.;Moyen;Il se plaint souvent de mal à la tête.;Fait en partie seul, mais a besoin de guidance et d' aide. Aide pour le lavage des dents.;Se retient pas longtemps,il oublie d'aller au Wc.Etre attentif si il se dendine.  Protection la nuit.;;;;;
;2146189623;mange seul, il a de la peine à couper sa viande, n'arrive pas à faire ses tartines.;frites, saucisse de veau, saucisse à rôtir, gruyère, yogurth, purée, salade, épinards hachés.;il n'aime pas trop les légumes;;;il boit seul, mais n'a pas la sensation de soif. Il faut lui dire de boire;coca zéro - thé froid pêche - chocolat viennois - capuccino - tisane;aucun - il n'aime pas le café;;;2146189780;0;0;2146189029;2146188982;80756003760011416835;Handicap mental;;Moyen;piqûre d'abeille;se douche seul avec un robinet mélangeur - à contrôler la chaleur de l'eau.;pas besoin d'aide;;;;;
;2146189639;Elle est très difficile pour manger. Elle commence à manger avec la cuillère.;;;;;;;;;;226884306;0;0;2146189275;0;756.3359.0124.05;IMC;;;;Elle a besoin d'aide;Julie est langée;;;;;
;2146189640;;;;;;;;;;;0;0;0;0;0;;IMC;;Moyen;;;;;;;;
;2146189642;Il sélectionne ce qu'il veut manger. S'il ne veut pas manger, ses parents utilisent la tablette.;Adore les hamburgers;;;;;;;;;107;0;0;2146189004;0;;TSA (autisme);;;;A besoin d'aide pour se laver;Mateo est langé jour et nuit et a besoin d'aide pour aller aux toilettes.;;;;;
;2146189643;Sans problème particulier. Avec de l'aide.;;;;;;;;;;2146189536;0;0;2146189004;0;80756007740007835507;TSA (autisme);;;;avec de l'aide totale.;Maximilien est langé jour et nuit.;;;;;
;2146189655;Luca mange en guidance avec l'aide d'une tierce personne.;Les carottes en particulier ainsi que tous les fruits et les légumes;;;;Luca est autonome pour boire.;Le coca (seulement après les 6 gomettes);;;;2146189536;0;0;2146189003;0;95514431;TSA, trouble de la spère autistique (autisme);;;;Luca le lave en guidance avec l'aide d'une tierce personne. Il a l'habitude de se brosser les dents sur la chaise de la cuisine.;Il faut lui rappeler d'aller au toilette environ chaque 1/2 heure lorsqu'il est à la maison Lorsqu'il va au toilette, il a le droit à une gomette.à la 6ème, Luca a droit à un 1/2 verre de coca pour le féliciter. Pour l'extérieur, il porte des protections. Etre attenfif à ce que Luca ne joue pas avec ses selles.;;;;;
;2146189658;;;;;;;;;;;0;0;0;0;0;;;;;;;;;;;;
;2146189676;Autonome à table du moment qu'il a ses moyens auxiliaires : support en bois surelevé, fourchette et cuillère ergonomique, rebord d'assiette et bavette;Stefano mange volontiers de tout.;Il mange en petite quantité car il est au régime. Un premier service de tout et un deuxième de légumes, peu de sucre.;Il n'apprécie pas du tout le riz au lait;;Autonome;;;;;107;0;0;2146188974;0;745.62.458.151;IMC;Retard mental;Elevé;Stefano se plaint parfois d'avoir mal aux yeux. Possibilité de lui mettre des gouttes ou du gel pour les humidifier;Il utilise la chaise percée pour la douche. Il est capable de se laver le haut et besoin d'aide pour le reste.;Il se lève de la chaise avec de l'aide et en se tenant par la barre. Il fait alors une rotation pour se mettre sur les WC. Il va au WC plusieurs fois par jour et la nuit, utiliser l'urinal.;;;;;
;2146189678;;;;;;;;;;;0;0;0;0;0;;;;;;;;;;;;
;2146189679;A la cuillière. Etre bien avec lui  quand on lui donne à manger. Attention , il attrappe la vaisselle et la jette par terre;Riz au lait, semoule lactée.;;il n'aime pas la soupe.;;On lui donne à la cuillière à café.Avec épaissisant (texture similaire au yoghourt). Minimum 2 verres par repas.;Boissons sucrées(cacao,sirop,thé,café),boisson lactée;Mixé;;;2146189786;2146189787;0;2146188979;0;179-70-650;Imc;Trouble de la sphère autistique, déficience intellectuelle, Epilepsie.;;;Langé tout le temps.;;;;;;
;2146189681;;;;;;;;;;;0;0;0;0;0;;;;;;;;;;;;
;2146189682;1 paquet de cigarette pour 2 jours. Il a une feuille qu'il signe.;Au déjeuner, il mange un yahourt mocca.Il adore les frites;;;;Bière à 11h. Rituel (à respecter) 1 verre de vin à midi.;;;les bières sont gérées par l'accompagnant.;Consommation d'alcool sous surveillance. Car dépandance forte à l'alcool. Si il n'est pas accompagné.;2146189227;0;0;2146188969;2146188982;1539250;TCC;Schizophrénie traitée;Moyen;Augmentin;Autonome. Se rase tous les matins après le petit-déjeuner.;Automne;;;;;
;2146189684;Il mange avec la bouche ouverte, pas très proprement. Assis sur une chaise trip-trap et avec des services normaux. A tendance à mettre les mains dans la bouche et à toucher ses vêtements. Autrement, il mange de tout, même certains aliments qu'il aime moins (il faut juste le motiver un peu). Il prend en général deux petits services.;pain, fruits, frites;RAS;RAS;porc (musulman);Il boit dans un verre.;eau, coca, thé froid;RAS;RAS;;885155152;107;0;2146188971;0;756.1245.4413.91;Retard du développement, Autisme (TSA);;Moyen;;Il a besoin d'aide pour le lavage des dents. A tendance à frotter une fois partout, sans que ce soit efficace. Pour le lavage des mains, il arrive tout seul, il faut juste contrôler qu'il frotte bien. Pour son visage, il passe une lavette mouillée mais n'appuie pas vraiment, du coup il faut l'aider.;"Il est langé, mais il travaille sur l'apprentissage de la propreté durant la journée à la Castalie. Il dit qu'il veut aller aux WC en disant ""pipi"". S'il n'y pense pas pendant 30-45 minutes, lui proposer d'aller aux toillettes.";;;;;
;2146189691;"Tous les aliments mixés, mangeant à l'aide d'une cuillère à dessert.
Matin : un grand bol de lait avec céréales et biscuits 
Midi : une purée de légumes + féculents + graminées, viande, poisson ou œuf (ajout de matière grasse : huile d'olive, beurre, huile de tournesol, crème fraîche) + 1 ou 2 yaourts à la fin du repas. 
Après-midi : dessert enrichissants (tiramisu, riz au lait, ile flottante, etc). 
Soir : un grand bol de fruits + biscuits ou yaourts.";Fruits et yaourts.;;;;Dans une gourde, avec l'aide de quelqu'un. Le verre peut être aussi utilisé.;Eau en bouteille. Thé froid occasionnellement.;;Boissons gazeuses;;2146189548;0;0;2146188969;2146188969;;Infirmité congénitale 395 OIC.;Moteur et cérébral.;Moyen;;1fois/2: douche matinale - 1fois/2: toilette avec gant. Utilisation d'une pommade pour peaux très sèches;Protection à changé minimum 4 x par jour;Sérum physiologique tous les matins - Aspirateur nasal à piles et mouchoirs très rarement.;;;;
;2146189695;;;;;;;;;;;0;0;0;0;0;;;;;;;;;;;;
;2146189701;Il faut lui couper les aliments.;salade, steack, frites;-;-;-;dans un verre;coca zéro, henniez citronnelle (de préférence à donner) ou cassis, limonade;-;-;-;2146189703;2146189303;0;2146189004;2146189004;807 5600 77 4000 677 5950;myopathie de Duchenne;retard mental / Igor peut tomber à tout moment;Elevé;-;Igor à besoin d'aide pour aller aux WC, pour s'habiller, se déshabiller et s'essuyer s'il va à la selle.;-;-;;;;
;2146189708;autonome;gratin, pâtes, Mac-do, pizza;;;;autonome;sprite, thé froid;;;;0;0;0;0;0;;TSA (trouble du spectre autistique), Asperger;;;;;autonome;;;;;
;2146189712;Assise à table les aliments doivent être coupés en petits morceaux dans une assiette creuse.;Fromage, compote, crème dessert, poulet, purée;;;Fruits à noyau, bonbon;De préférence en position assise, à table. Sans glaçon et sans paille;jus de fruit, coca-cola, lait, chocolat.;;;;0;0;0;2146188974;2146188974;756 5854 6443 96;IMC;Marie n'a pas de communication verbale, elle a un retard mental, marche avec difficulté. Son champs visuel limité vers le bas.;;;Marie apprécie l'eau et la douche. Il faut bien lui sécher entre les orteils et lui appliquer la crème antimycosique si necéssaire;elle a besoin d'accompagnement pour les WC. Elle peut baisser les pantalon et culotte, a besoin d'être essuyée. Il faut lui proposer régulièrement les toilettes mais elle est propre jour et nuit.;;;;;
;2146189714;;;;;;;;;;;0;0;0;0;0;;;;;;;;;;;;
;2146189722;;;;;;;;;;;0;0;0;0;0;;;;;;;;;;;;
;2146189741;Normal, lui couper les aliments et parfois lui rappeler de manger.;il aime tout en général;;cacahuètes le soir, chips avec modération.;grapefruit - pamplemouse.;;eau, sirop, thé, lait, avec ovo ou chocolat;;après 14h, le cacao, le café.Après 19h ne plus lui donner à boire sauf 1/2 verre avec les medics à 20h.;alcool - pamplemouse - grapefruit.;2146189293;107;0;2146188969;2146188982;2667611;Handicap mental;trouble de vue - équilibre- motricité des mains très réduite- épilepsie controlée.;Elevé;;Alexandre confond le chaud et le froid. Toujours l'aider pour sa douche.;Il demande souvent à la dernière minute, toujours l'accompagner, toujours regarder ce qu'il fait, ne sais pas s'essuyer. Il n'est pas incontinent, lui rappeler d'aller aux toilettes, au lever, avant et après une promenade ou avant d'aller au lit.;;;;;
;2146189743;Petite assiette, couverts adaptés. Gère très mal les aliments trop chaud. (brûlures);Mange de tout , elle adoreles fruits crus (tomate, poivrons), spaghettis bolo. Frites, chip's, les crèpes, tartine de nuttela ou au miel, les céréales au chocolat, le chocolat, les fromages froids.;Attention à la mastication, mache très peu, peut s'étouffer si c'est trop gros.;gros bonbon dur, chiclette, la viande rouge non hachée;;"Au verre ou verre avec paille. 
Gère très mal les boissons chaudes (risque de brûlure)";eau, sirop, jus de fruits.Cacao au petit déjeuner, lait frois si elle a de la peine à dormir;;boisson gazeuse;;2146189818;0;0;2146189294;2146189294;880-67-181;dysphasie, faiblesse musculaire généralisée hypotonie abandonique;Trouble du langage, problème à mâcher, vite fatiguable, douleurs musculaire, besoin d'être rassuré et en contact avec l'adulte;;;A besoin d'aide pour s'essuyer et remonter son pantalon. Si les toilettes sont hautes, soit la portée, soit un escabot.;Elle est propre, tient les longs trajets, elle sait dire quand elle à besoin.;;;;;
;2146189746;Couper ses aliments;légume courgette - viande saignante - Poisson;sans graisse et sans sucre, viande blanche coupée à point;très peu d'huile - sel - tomates - brocolis - choux fleur, lait;Œufs;Tiède - normal;eau gazeuse - coca - henniez menthe - thé vert.;;Pas trop d'alcool;Œufs;2146189423;2146189014;0;2146189749;0;80756099990000441546;Traumatisée cranien cérébral sévère;triplégie - trouble de la mémoire.;Moyen;Latex - Codéïne - certain antibiotique (Bactrim);Le mettre sur la chaise percée le matin. Douche tous les matins sur fauteuil de douche. Attention à l'hygiène et ne tolère pas de l'incompréhension de ce qui lui semble logique et facile. Escarre : Peau très fragile surtout au niveau des fesses et du sacrum.;Sonde sus-pubienne (Uriflac);;;;;
;2146189750;Autonome;Aime tout;;;;Autonome;Sirop, thé froid;;;;-630865173;0;0;2146189275;0;01479;Trisomie 21;;;;Mileon est autonome mais il faut bien lui rappeler d'aller au toilette.;;;;;;
;2146189783;Il mange de manière autonome, avec une cuillère dans une assiette creuse à bords remontant ou dans un bol. Le moment des repas est difficile pour Bryan. L'encourager à manger par petites bouchées et en faisant des pauses et lui demander de nous donner son assiette lorsque son repas est terminé pour éviter qu'il ne la râcle en boucle. Au petit dejeuner, il nous dit ce qu'il souhaite manger, en pointant du doigt.;Bryan a généralement bon appétit et mange de tout;Intolérance au lactose. Bien lui couper les aliments en petits morceaux.;les légumes et les fruits (à l'exception des bananes);intolérent au lactose;boit de manière autonome, un verre d'eau au 1er service et un verre de sirop au début du 2ème service. Lui donner suffisamment à boire mais pas en excès pour éviter les débordement urinaires.;pas de préférence, boit de tout;;;jus de pomme et jus d'orange;2146189786;2146189787;0;2146189785;2146189785;447.94.382.112;IMC;retard du développement intellectuel;Elevé;;Il prend des douches, attention car Bryan a tendance à employer le mélangeur d'eau pour mettre plus de pression. Bryan apprécie qu'on prenne soin de lui en lui appliquant de la crème sur le visage ou gel dans les cheveux;Bryan n'a pas aquis la propreté. Il est langé jour et nuit. La nuit il dispose d'une miette afin de limiter les débordements urinaires. Lors du change, il faut lui demander de ne pas toucher son sexe et de tenir son T-shirt.;Lui donner 2 objets pour lui occuper les mains;;;;
;2146189788;;tout sauf poisson (dégoût);;;;;eau, sirop, thé froid;;;;2146189815;2146189804;0;2146189801;2146189801;756.4150.0423.32;dyspraxie, syndrôme Asperger;;;;autonome à vérifier ongles et coiffage;;;;;;
;2146189808;;;;;;;;;;;0;0;0;0;0;;;;;;;;;;;;
;2146189810;Besoin d'aide pour couper les aliments;pizza, crèpes au fromage et au sucre;;;;Pas besoin de soutien mais doit être servi;eau gazeuse, thé froid.;;coca-cola;;2146189817;2146189102;2146189849;2146188974;2146188974;01479;Tumeur au cervelet;;Moyen;;la maman l'aide;La maman l'aide pour la mobilité;;;;;
;2146189816;;;;;;;;;;;0;0;0;0;0;;;;;;;;;;;;
;2146189819;;cervelas, œufs durs, pâtes, saucisse de veau, salade verte;-;-;-;;sirop (menthe, framboise, cassis), coca zéro, eau gazeuse;non;-;-;2146189703;2146189820;0;2146189801;2146189801;2639338;TSA;;Moyen;-;Noélie se lave seule, avec un peu d'aide.;Elle a de la peine à aller à selle, a besoin d'aide. Elle a besoin d'être accompagnée au WC hors de la maison.;-;;;;
;2146189843;;;;;viande;;coca, thé froid, fanta;;;;0;0;0;2146188974;0;;retard de développement, difficultés motrices;;;;;il faut vérifier qu'il ait bien fait le nettoyage après la grosse commission et lui faire laver les mains.;;;;;
;2146189852;Mange seule mais les aliments doivent être coupés;Mange de tout;;;;Boit seule au verre;jus de fruits - sirops - thé froid/chaud - Coca - Chocolat Chaud - Lait - Café - Limonade - Eau;;Alcool;Alcool;2146189868;0;0;2146188976;2146188976;01-025-090-193;Retard du développement, trouble du spectre autistique;Ne parle pas;Elevé;;besoin d'aide;Partiellement autonome;;;;;
;2146189856;Alimentation par PEG + par bouche;Kellogs, pizza, tartine, crêpes, oranges,..;Plan spécial pour la PEG;trop de sucre;;Boissons par PEG mais aussi par la bouche doucement au verre. Parfois préfère à la cuillière ou avec une seringue. Attention fausses routes au verres.;thé, jus, sirop;Plan spécial pour la PEG;Eviter trop sucré;;2146188990;2146189585;0;2146188969;0;;maladie génétique métabolique, traits autistiques;retard général, problème de cœur,;Elevé;;matin et soir nettoyage et changement du pansement autour de la PEG et plus si fuites;langé jours et nuits;;;;;
;2146189869;Lui donner à manger avec une cuillère en plastique. Mange de tout. Attendre 30 à 45 minutes avant la sieste sinon vomissement.;la semoule, les potages, le riz au lait. Aliment bien chaud sinon elle ne mange pas.;Mixé Lisse +++ (aucun morceau), très important sinon fausse route. Demi portion le soir sinon vomissement la nuit;Tous les aliments piquants;;Boit seule ou avec guidance. Elle boit de tout mais surtout sucré et chaud au biberon.;Café au lait (boisson Ladie), Cacao, Sirop bien sucré. Chauffer toutes les boisons, si pas assez chaud, Sandrine refuse de boire. Si elle n'arrive pas à boire, incliner la chaise en arrière.;;Boisson gazeuse. Boissons lactées seulement le matin sinon vomissement;Alcool;2146189786;0;0;2146188969;2146188969;;IMC;Syndrome du chat, handicap mental;Elevé;;Douche tous les jours, chaisse percée ou lit de douche. En cas de rougeur sur la joue, appliquer la crème Similasan 3x/j jusqu'à évolution;Langée jour et nuit, va à selle tous les jours. Si pas de selles après 2j -> 10 gouttes de Laxoberon et si pas de selles après 5j -> lavement (Clyssie);;;;;
;2146189874;;;;;;;;;;;0;0;0;0;0;;1;;;;;;;;;;
;2146189888;;;;;;;;;;;0;0;0;0;0;;;;;;;;;;;;
;2146189890;Nolan mange seul, mais il faut lui découper la viande;Pâtes, pizza, lasagne, confiture, banane, abricot;Riche en fibre, pâte-riz, pain complet;;;dans un verre, il boit seul;sirop;apport de fibre (Optifibre) 2 mesurettes dans un verre à chaque repas (midi-soir);;;226884306;0;0;2146188987;2146188987;;Duplication bras court sur chromosome 5;retard mental et développement, malformation ano-rectale.;Moyen;aucune;Avec adapateur. Il semble comprendre ce que nous lui demandons, en phase d'aprentissage.;Nolan est encore langé, pas d'autonomie;;;;;
;2146189914;assiette ainsi que les services tout en plastique;spagetti bolognese, épinard à la crème, purée de pdt, frites, chcken, cœur de poulet, omelette, kinder, biscuits..;;frites conventionnel (si possible frite préparé par actifry);;biberons, gobelet en plastique;jus de fruits (biberon), lait tiède au chocolat (biberon), eau (gobelet), coca thé froid (gobelet);;Coca, thé froid (pas trop en donner);;1691;0;0;0;0;;TSA, disphasie;besoin d'aide à se vétir, manger, langer, surveillance (beaucoup);Moyen;;Langer jour et nuit;Pas trop serrer la protection;;;;;
;2146189919;Aide pour manger;Tout;;;;Aide pour Boire;Eau, café;;Thé chaud;;2146189917;2146189002;2146189918;2146188985;0;78223067;Phyisique;Sclérose en plaques;Elevé;;une barre va être installé;besoin d'aide;;;;;
;2146189929;;Antoine mange de tout aux heures de repas.;;;;A la demande, de l'eau et occasionnellement sirop fraise/framboise et jus de pomme.;;;;;2146189953;0;0;2146189916;2146189916;784-92-351;Trouble du spectre autistique;Antoine a une dérivation ventriculopéritonéale en raison d'une hydrocéphalie post-hémorragique. En d'autres termes un drain régule sa production de liquide céphalorachidien, depuis le cerveau jusqu'au péritoine.;Faible;;Antoine va sur les toilettes tout seul.;;;;;;
;2146189936;;Saucisse à rôtir;;choux de bruxelles;;;Sirop grenadine;;;;2146189804;0;0;2146189987;0;;;;;;;;;;;;
;2146189939;Aux moments des repas, éviter en dehors. Couper en petits morceaux. ATTENTION il ne mâche pas.;Les coquillettes à la tomate, le paté, le fromage et les yaourts.;;;;Dès qu'il le souhaite et aux moments des repas. Penser à lui proposer régulièrement;L'eau et le lait avec du chocolat.;;Boissons sucrées comme le Cola.;;-129692674;0;0;2146189003;2146190010;95516143;Retard global di développement.;;Faible;;Il porte des couches toute la journée.;But: arriver petit à petit à la propreté.;;;;;
;2146189948;Couper les aliments. Tapis anti-glisse, cuillère personnelle, mange seul.;Poissons;;Il n'aime pas le saumon;;Verre + paille, boit seul.;Egal, à stimuler.;;;Ne boit pas d'alcool.;2146189484;2146189670;2146189854;2146189004;2146188982;756.9825.3167.63;Tétraplégie (incomplète : haut du corps - complète : bas du corps);Trachéostomie avec canule parlante;Elevé;;"Toilette complète au lit ou douche. Se rase lui-même au lavabo. Petit pansement sur l'abdomen. Changer pst. si tâché. Soins de canule matin et soir (si possible) : à l'aide de la pince à épiler + lampe de poche, enlever petites croutes, sécrétions sèches autour de la canule parlante, nettoyer l'intérieur de la canule avec une petite brosse ( désinfecter la brosse dans l'Hidibil)
Soins de canule matin et soir (si possible à midi): à l'aide de la pince à épiler + lampe de poche, enlever les petites croutes, sécrétions sèches autour de la canule parlante, nettoyer l'intérieur de la canule avec une petite brosse (désinfecter la brosse dans l'Hidibil)";Sonde vésicale sus-pubienne. Selles : suppositoire une heure avant le lever, puis toucher rectal stimulant côté gauche. Pas de protections la journée.;Petit pansement sur l'abdomen. Changer pst. si tâché.;;;;
;2146189949;;Fruits et légumes;;;Chocolat;Eau à la demande;Eau-Sirop-Jus de Fruit-Lait (le matin);;;Cacao;2152;0;0;0;0;;;;;chocolat;En cas de crise, difficile de le nettoyer;A besoin d'aide sur demande;;;;;
;2146189971;Il mange de tout.;;;Epinards;;Verre, gobelet.;Sirop à la menthe, thé froid, jus de fruit.;;;;2152;0;0;2146188985;2146188985;;;;;;;;;;;;
;2146189979;petit-déjeuner, dîner, goûter, souper ( difficile de cadrer ou strcturer les repas. );pâtes, Kinder branche au lait, pain toast, banane, poire, pomme, fromage râpé. ( légumes, viande…);;Très sélectif sur la nourriture ( aliments blancs ).;;;eau, lait entier UHT (Emmi) ou autres marques;;;Pas d'allergies;-129692674;0;0;0;0;;;;;;;le mettre au WC régulièrement, porte encore des couches, apprend à aller aux WC.;;;;;
;2146189991;Prendre le temps pour lui donner à manger.;;Coupé;;;Dans un verre.;Sirop et café froid;;;;2146189995;0;0;2146189120;0;2319294;CP et épilepsie;;;Aucune;;Il porte des protections.;;;;;
;2146189993;;;;;;;;;;;0;0;0;0;0;;;;;;;;;;;;
;2146189997;Nutrini par la PEG;Compote, purée;;;;Pas de liquide pour le moment;;;;;1309859639;0;0;0;0;;;;;;;;;;;;
;2146190010;Aux moments des repas, eviter en dehors. Couper en petits morceaux. Attention il ne mâche pas.;Les coquillettes à la tomate, le paté, le fromage et les yaourts.;;;;Dès qu'il le souhaite et aux moments des repas. Penser à lui proposer régulièrement.;L'eau et le lait avec du chocolat.;;Boissons sucrées comme le Coca-Cola.;;-129692674;0;0;2146189003;0;95516143;Retard global du développement.;;Faible;;;;;;;;
;2146190023;A la cuillière, morceaux, en guidance;potage, burger, pâtes, etc.. Mange de tout;;;;Au verre;Eau plate- lait d'avoine- jus de fruit;;;;2146190025;2146190026;0;2146190027;2146190027;6.204.693;syndrome d'Aicardi;Epilepsie, marche avec déambulateur, retard de développement;;;;protection;;;;;
;2146190031;Sur demande ou sur l'horaire des repas;Pomme,croissant au chocolat, pain au lait, biscuit d'avoine,yoghourt, compote.;;;;Eau pendant la journée, sirop à midi et parfois milieu de matinée/après midi;eau,sirop;;;;2146190045;0;0;2146190058;0;;troubles du spectre autistique;;;;;Mayara met des protections;;;;;
;2146190034;service pour enfants;poulet, brocoli, patatte;;Aliments dur à mâcher;;gobelet plastique + paille;jus de pomme;;;;2146188990;2146189867;2146189303;2146189020;2146189020;;moypathie (TPM3) = faiblesse musculaire;difficultés à se déplacer, se fatigue rapidement;;Aucune allergie;;pampers;;;;;
;2146190037;Dominika est autonome pour manger;;;N'apprécie pas la chasse;;Dominika est autonome pour boire et choisi sa boisson;;;;Allergique aux boissons contenant de l'Aloevera;2146189786;0;0;2146188974;2146188974;80756014790023869826;IMC;Troubles de la vue;Moyen;Pantenole, substance contenue dans la crème solaire;De préférence une femme pour accompagner Dominika;Dominika est autonome;;;;;
;2146190042;;;;;;;;;;;0;0;0;0;0;;;;;;;;;;;;
